id,opened_at,closed_at,asset,venue,direction,instrument_type,instrument_id,instrument_label,entry_price,exit_price,size,leverage,pnl,pnl_pct,market_pnl,funding_pnl,signal_type,hypothesis_id,thesis,close_reason
T-1775447657369-dgo6,2026-04-06T03:54:17.369Z,2026-04-08T03:47:09.239Z,BTC,spot,long,,,,69060,71335,1,1,0.0329,3.29,0.0329,0.0000,LLM_HYPOTHESIS,,[LLM] Breakout momentum confirmed by HYPE OI expansion and funding normalization. Target 70000 on 3-5 day continuation pattern,target
T-1775484370900-m1ww,2026-04-06T14:06:10.900Z,2026-04-08T03:47:09.239Z,OIL,polymarket,short,pm_no,cl-over-under-jun-2026::1032416,cl-over-under-jun-2026 — NO — Will Crude Oil (CL) settle over $85 on the final trading day of June 2026?,0.345,0.48,1,1,0.3913,39.13,0.3913,0.0000,PM_IV_GT_OPT_IV,,"OIL PM IV (49.6%) >> Options IV (29.1%), ratio 1.70. PM overpricing vol → sell PM upside.",target
T-1775484370900-nox5,2026-04-06T14:06:10.900Z,2026-04-08T03:47:09.239Z,AMZN,spot,short,,,,211.86,221.8,1,1,-0.0469,-4.69,-0.0469,0.0000,PC_RATIO_EXTREME_LOW,,AMZN P/C ratio 0.40 — heavy call buying → contrarian short.,stop
T-1775555957960-9a7v,2026-04-07T09:59:17.960Z,2026-04-08T03:47:09.239Z,AMZN,hyperliquid,long,,,,214.28,221.8,1,1,0.0351,3.51,0.0351,0.0000,LLM_HYPOTHESIS,,[LLM] AMZN momentum acceleration above 214 with perp-stock convergence completion and P/C ratio 0.728 below key 0.75 level,target
T-1775258607690-k1rd,2026-04-03T23:23:27.690Z,2026-04-09T03:42:47.821Z,GOLD,polymarket,long,pm_yes,gc-over-under-jun-2026::1032291,"gc-over-under-jun-2026 — YES — Will Gold (GC) settle over $4,800 on the final trading day of June 2026?",0.505,0.525,1,1,0.0396,3.96,0.0396,0.0000,OPT_IV_GT_PM_IV,,"GOLD Options IV (34.6%) >> PM IV (15.1%), ratio 0.44. PM underpricing vol → buy PM upside.",target
T-1775706187912-4k3e,2026-04-09T03:43:07.912Z,2026-04-09T06:15:13.667Z,OIL,polymarket,short,pm_no,cl-over-under-jun-2026::1032415,cl-over-under-jun-2026 — NO — Will Crude Oil (CL) settle over $90 on the final trading day of June 2026?,0.53,0.7050000000000001,1,1,0.3302,33.02,0.3302,0.0000,PM_IV_GT_OPT_IV,,"OIL PM IV (41.4%) >> Options IV (27.9%), ratio 1.48. PM overpricing vol → sell PM upside.",target
T-1775715334349-ac75,2026-04-09T06:15:34.349Z,2026-04-09T10:03:49.269Z,OIL,polymarket,short,pm_no,cl-over-under-jun-2026::1032415,cl-over-under-jun-2026 — NO — Will Crude Oil (CL) settle over $90 on the final trading day of June 2026?,0.7050000000000001,0.575,1,1,-0.1844,-18.44,-0.1844,0.0000,PM_IV_GT_OPT_IV,,"OIL PM IV (44.3%) >> Options IV (27.9%), ratio 1.59. PM overpricing vol → sell PM upside.",stop
T-1775572020439-e0ge,2026-04-07T14:27:00.439Z,2026-04-09T17:53:42.995Z,OIL,hyperliquid,long,,,,84.48,86.3,1,2,0.0215,2.15,0.0215,0.0000,FUNDING_EXTREME_SHORT,,OIL HL funding -307.8% annualized — crowded shorts. Buy.,target
T-1775729049587-pdrm,2026-04-09T10:04:09.587Z,2026-04-10T06:27:01.892Z,HYPE,spot,long,spot,,HYPE spot,39.143,40.399,1,1,0.0321,3.21,0.0321,0.0000,LLM_HYPOTHESIS,,"[LLM] HYPE funding normalized to +10.95% after negative territory, OI stabilized above 814M, spot momentum above 39 - oversold bounce setup with BTC momentum continuation",target
T-1775706187912-ni1l,2026-04-09T03:43:07.912Z,2026-04-11T03:32:17.432Z,GOLD,polymarket,long,pm_yes,gc-over-under-jun-2026::1032291,"gc-over-under-jun-2026 — YES — Will Gold (GC) settle over $4,800 on the final trading day of June 2026?",0.525,0.575,1,1,0.0952,9.52,0.0952,0.0000,OPT_IV_GT_PM_IV,,"GOLD Options IV (31.2%) >> PM IV (15.0%), ratio 0.48. PM underpricing vol → buy PM upside.",target
T-1775878356827-k6cp,2026-04-11T03:32:36.827Z,2026-04-11T21:23:52.365Z,GOLD,polymarket,long,pm_yes,gc-over-under-jun-2026::1032291,"gc-over-under-jun-2026 — YES — Will Gold (GC) settle over $4,800 on the final trading day of June 2026?",0.575,0.645,1,1,0.1217,12.17,0.1217,0.0000,OPT_IV_GT_PM_IV,,"GOLD Options IV (27.1%) >> PM IV (15.1%), ratio 0.56. PM underpricing vol → buy PM upside.",target
T-1775757240890-dkpg,2026-04-09T17:54:00.890Z,2026-04-12T09:37:22.933Z,OIL,hyperliquid,long,hl_perp,OIL,HL OIL perp,93.02,94.28,1,1,0.0264,2.64,0.0135,0.0129,FUNDING_EXTREME_SHORT,,OIL HL funding -463.7% annualized — crowded shorts. Buy.,target
T-1775842866586-58wo,2026-04-10T17:41:06.586Z,2026-04-12T13:54:13.636Z,BTC,spot,short,spot,,BTC spot,72823,70889,1,1,0.0266,2.66,0.0266,0.0000,PC_RATIO_EXTREME_LOW,,BTC P/C ratio 0.36 — heavy call buying → contrarian short.,target
T-1775942652809-a9v8,2026-04-11T21:24:12.809Z,2026-04-12T13:54:13.636Z,GOLD,polymarket,long,pm_yes,gc-over-under-jun-2026::1032291,"gc-over-under-jun-2026 — YES — Will Gold (GC) settle over $4,800 on the final trading day of June 2026?",0.645,0.585,1,1,-0.0930,-9.30,-0.0930,0.0000,OPT_IV_GT_PM_IV,,"GOLD Options IV (26.9%) >> PM IV (15.1%), ratio 0.56. PM underpricing vol → buy PM upside.",stop
T-1775878356827-2ztp,2026-04-11T03:32:36.827Z,2026-04-12T17:26:47.956Z,OIL,hyperliquid,close_long,hl_perp,OIL,HL OIL perp,91.74,97.51,1,1,-0.0602,-6.02,-0.0629,0.0027,LLM_HYPOTHESIS,,"[LLM] H-125 oil structural recovery completed - funding normalized from -804% to +5.48% with Brent-WTI spread recovered above 7.5, profit-taking opportunity",stop
T-1775746246426-7c42,2026-04-09T14:50:46.426Z,2026-04-13T17:52:26.362Z,OIL,spot,short,spot,,OIL spot,85.09,83.23,1,1,0.0219,2.19,0.0219,0.0000,PC_RATIO_EXTREME_LOW,,OIL P/C ratio 0.15 — heavy call buying → contrarian short.,target
T-1775830315875-phy8,2026-04-10T14:11:55.875Z,2026-04-13T17:52:26.362Z,HYPE,spot,long,spot,,HYPE spot,41.712,43.286,1,1,0.0377,3.77,0.0377,0.0000,LLM_HYPOTHESIS,,[LLM] HYPE OI record surge to 863M with spot breakout above 41.7 confirms H-116 sustained breakout continuation. PM EV catching up to 42.58 validates momentum acceleration.,target
T-1775620049856-se5c,2026-04-08T03:47:29.856Z,2026-04-14T03:57:14.575Z,BTC,spot,long,spot,,BTC spot,71335,74397,1,1,0.0429,4.29,0.0429,0.0000,LLM_HYPOTHESIS,,"[LLM] BTC momentum breakout above 71k confirmed with HYPE OI expansion, IV compression complete, perfect consolidation pattern - targeting 75k",target
T-1775830315875-52ap,2026-04-10T14:11:55.875Z,2026-04-14T14:46:06.704Z,AMZN,spot,long,spot,,AMZN spot,237.9,245.77,1,1,0.0331,3.31,0.0331,0.0000,LLM_HYPOTHESIS,,[LLM] AMZN P/C ratio collapse to 0.381 during explosive momentum to 237.9 creates systematic options repositioning signal per new hypothesis. Momentum continuation setup.,target
T-1775830315875-sb05,2026-04-10T14:11:55.875Z,2026-04-14T14:46:06.704Z,AMZN,spot,short,spot,,AMZN spot,237.9,245.77,1,1,-0.0331,-3.31,-0.0331,0.0000,PC_RATIO_EXTREME_LOW,,AMZN P/C ratio 0.38 — heavy call buying → contrarian short.,stop
T-1776053773453-b70i,2026-04-13T04:16:13.453Z,2026-04-14T14:46:06.704Z,OIL,hyperliquid,long,hl_perp,OIL,HL OIL perp,97.77,91.31,1,1,-0.0544,-5.44,-0.0661,0.0116,FUNDING_EXTREME_SHORT,,OIL HL funding -180.0% annualized — crowded shorts. Buy.,stop
T-1776102747151-2rv3,2026-04-13T17:52:27.151Z,2026-04-14T21:42:09.785Z,OIL,polymarket,short,pm_no,cl-over-under-jun-2026::1032416,cl-over-under-jun-2026 — NO — Will Crude Oil (CL) settle over $85 on the final trading day of June 2026?,0.375,0.395,1,1,0.0533,5.33,0.0533,0.0000,PM_IV_GT_OPT_IV,,"OIL PM IV (44.0%) >> Options IV (27.4%), ratio 1.61. PM overpricing vol → sell PM upside.",target
T-1776225380867-5q7r,2026-04-15T03:56:20.867Z,2026-04-16T04:11:02.121Z,HYPE,hyperliquid,long,hl_perp,HYPE,HL HYPE perp,43.969,44.98,1,1,0.0228,2.28,0.0230,-0.0002,FUNDING_EXTREME_SHORT,,HYPE HL funding -30.0% annualized — crowded shorts. Buy.,target
T-1776177967617-tog6,2026-04-14T14:46:07.617Z,2026-04-16T14:48:35.099Z,OIL,hyperliquid,long,hl_perp,OIL,HL OIL perp,91.31,92.95,1,1,0.0207,2.07,0.0180,0.0027,FUNDING_EXTREME_SHORT,,OIL HL funding -361.7% annualized — crowded shorts. Buy.,target
T-1776320952721-mrk6,2026-04-16T06:29:12.721Z,2026-04-16T21:35:03.810Z,HYPE,hyperliquid,long,hl_perp,HYPE,HL HYPE perp,45.361,43.39,1,1,-0.0434,-4.34,-0.0435,0.0000,FUNDING_EXTREME_SHORT,,HYPE HL funding -39.5% annualized — crowded shorts. Buy.,stop
T-1776002075170-y6j2,2026-04-12T13:54:35.170Z,2026-04-17T14:16:57.062Z,GOLD,hyperliquid,long,hl_perp,GOLD,HL GOLD perp,4714,4874,1,1,0.0364,3.64,0.0339,0.0024,LLM_HYPOTHESIS,,[LLM] [H-155] Gold extreme funding crash below -96% while spot holds above 4700 creates reversal acceleration setup - funding should normalize rapidly from these unsustainable levels,target
T-1776147965172-jkf9,2026-04-14T06:26:05.172Z,2026-04-17T14:16:57.062Z,BTC,spot,long,spot,,BTC spot,74404,77168,1,1,0.0371,3.71,0.0371,0.0000,LLM_HYPOTHESIS,,[LLM] BTC consolidation above 74k with HYPE OI stabilization above 930M and IV compression creates breakout continuation setup - institutional positioning intact for next leg higher,target
T-1776177967617-0n6t,2026-04-14T14:46:07.617Z,2026-04-17T14:16:57.062Z,AMZN,spot,short,spot,,AMZN spot,245.77,254.1,1,1,-0.0339,-3.39,-0.0339,0.0000,PC_RATIO_EXTREME_LOW,,AMZN P/C ratio 0.29 — heavy call buying → contrarian short.,stop
T-1776225380867-1x9o,2026-04-15T03:56:20.867Z,2026-04-17T14:16:57.062Z,OIL,hyperliquid,short,hl_perp,OIL,HL OIL perp,90.6,84.82,1,1,0.0642,6.42,0.0638,0.0004,FUNDING_EXTREME_LONG,,OIL HL funding 44.9% annualized — crowded longs. Fade.,target
T-1776362604399-p6rx,2026-04-16T18:03:24.399Z,2026-04-17T17:40:34.585Z,OIL,spot,long,spot,,OIL spot,83.71,85.93,1,1,0.0265,2.65,0.0265,0.0000,PC_RATIO_EXTREME_HIGH,,OIL P/C ratio 1.97 — heavy put buying → contrarian long.,target
T-1776435436019-okka,2026-04-17T14:17:16.019Z,2026-04-17T17:40:34.585Z,OIL,polymarket,short,pm_no,cl-over-under-jun-2026::1032416,cl-over-under-jun-2026 — NO — Will Crude Oil (CL) settle over $85 on the final trading day of June 2026?,0.8049999999999999,0.725,1,1,-0.0994,-9.94,-0.0994,0.0000,PM_IV_GT_OPT_IV,,"OIL PM IV (44.5%) >> Options IV (23.9%), ratio 1.86. PM overpricing vol → sell PM upside.",stop
T-1776447654955-aq6x,2026-04-17T17:40:54.955Z,2026-04-17T21:33:25.782Z,OIL,polymarket,short,pm_no,cl-over-under-jun-2026::1032415,cl-over-under-jun-2026 — NO — Will Crude Oil (CL) settle over $90 on the final trading day of June 2026?,0.7050000000000001,0.65,1,1,-0.0780,-7.80,-0.0780,0.0000,LLM_HYPOTHESIS,,"[LLM] Oil structural recovery completion - Brent-WTI spread normalized from 0.2 to 0.7, profit-taking on systematic correction trade",stop
T-1776435436020-v2j1,2026-04-17T14:17:16.020Z,2026-04-18T13:55:42.410Z,BTC,polymarket,long,pm_yes,what-price-will-bitcoin-hit-before-2027::1345530,"what-price-will-bitcoin-hit-before-2027 — YES — Will Bitcoin reach $80,000 by December 31, 2026?",0.885,0.835,1,1,-0.0565,-5.65,-0.0565,0.0000,LLM_HYPOTHESIS,,[LLM] BTC PM IV at -7σ compression (38.4%) represents most extreme statistical anomaly - volatility expansion inevitable as market corrects mispricing,stop
T-1776102747151-l7as,2026-04-13T17:52:27.151Z,2026-04-18T21:25:11.970Z,GOLD,spot,short,spot,,GOLD spot,4739,4808,1,1,-0.0146,-1.46,-0.0146,0.0000,PC_RATIO_EXTREME_LOW,,GOLD P/C ratio 0.22 — heavy call buying → contrarian short.,expiry
T-1776483860813-sgkr,2026-04-18T03:44:20.813Z,2026-04-19T04:10:45.375Z,HYPE,hyperliquid,long,hl_perp,HYPE,HL HYPE perp,45.386,43.45,1,1,-0.0427,-4.27,-0.0427,-0.0000,FUNDING_EXTREME_SHORT,,HYPE HL funding -27.6% annualized — crowded shorts. Buy.,stop
T-1776435436019-i8p9,2026-04-17T14:17:16.019Z,2026-04-19T06:24:26.941Z,GOLD,polymarket,long,pm_yes,gc-over-under-jun-2026::1032290,"gc-over-under-jun-2026 — YES — Will Gold (GC) settle over $5,000 on the final trading day of June 2026?",0.485,0.44,1,1,-0.0928,-9.28,-0.0928,0.0000,OPT_IV_GT_PM_IV,,"GOLD Options IV (25.0%) >> PM IV (9.4%), ratio 0.38. PM underpricing vol → buy PM upside.",stop
T-1776177967617-8jqp,2026-04-14T14:46:07.617Z,2026-04-19T17:28:04.156Z,BTC,spot,short,spot,,BTC spot,75236,75195,1,1,0.0005,0.05,0.0005,0.0000,PC_RATIO_EXTREME_LOW,,BTC P/C ratio 0.17 — heavy call buying → contrarian short.,expiry
T-1776520560241-8eqn,2026-04-18T13:56:00.241Z,2026-04-19T21:26:12.534Z,BTC,polymarket,long,pm_yes,what-price-will-bitcoin-hit-before-2027::1345530,"what-price-will-bitcoin-hit-before-2027 — YES — Will Bitcoin reach $80,000 by December 31, 2026?",0.835,0.79,1,1,-0.0539,-5.39,-0.0539,0.0000,LLM_HYPOTHESIS,,[LLM] BTC PM IV at historic -7σ compression (38.8%) while spot consolidates above 76k - extreme statistical anomaly offers 85%+ probability mean reversion within 7 days,stop
T-1776533357203-gd42,2026-04-18T17:29:17.203Z,2026-04-19T21:26:12.534Z,OIL,hyperliquid,long,hl_perp,OIL,HL OIL perp,90.4,93,1,1,0.0257,2.57,0.0288,-0.0031,FUNDING_EXTREME_SHORT,,OIL HL funding -38.9% annualized — crowded shorts. Buy.,target
T-1776571866037-vxjx,2026-04-19T04:11:06.037Z,2026-04-20T04:15:34.403Z,HYPE,spot,long,spot,,HYPE spot,43.45,41.108,1,1,-0.0539,-5.39,-0.0539,0.0000,LLM_HYPOTHESIS,,[LLM] HYPE institutional distribution approaching completion with OI at 871M declining from 950M+ peaks and funding at -22.16% creating oversold setup,stop
T-1776435436020-yo9s,2026-04-17T14:17:16.020Z,2026-04-20T10:27:57.216Z,AMZN,spot,short,spot,,AMZN spot,254.1,248.21,1,1,0.0232,2.32,0.0232,0.0000,PC_RATIO_EXTREME_LOW,,AMZN P/C ratio 0.30 — heavy call buying → contrarian short.,target
T-1776461623747-8cgd,2026-04-17T21:33:43.747Z,2026-04-20T21:38:00.085Z,OIL,spot,short,spot,,OIL spot,86,83.11,1,1,0.0336,3.36,0.0336,0.0000,PC_RATIO_EXTREME_LOW,,OIL P/C ratio 0.18 — heavy call buying → contrarian short.,target
T-1776505134984-txl9,2026-04-18T09:38:54.984Z,2026-04-20T21:38:00.085Z,AMZN,hyperliquid,long,hl_perp,AMZN,HL AMZN perp,249.72,254.86,1,1,0.0213,2.13,0.0206,0.0008,FUNDING_EXTREME_SHORT,,AMZN HL funding -62.5% annualized — crowded shorts. Buy.,target
T-1776579887399-ujzs,2026-04-19T06:24:47.399Z,2026-04-21T14:29:40.891Z,GOLD,polymarket,long,pm_yes,gc-over-under-jun-2026::1032291,"gc-over-under-jun-2026 — YES — Will Gold (GC) settle over $4,800 on the final trading day of June 2026?",0.62,0.565,1,1,-0.0887,-8.87,-0.0887,0.0000,OPT_IV_GT_PM_IV,,"GOLD Options IV (25.3%) >> PM IV (10.0%), ratio 0.40. PM underpricing vol → buy PM upside.",stop
T-1776721098927-bl7f,2026-04-20T21:38:18.927Z,2026-04-21T14:29:40.891Z,BTC,polymarket,long,pm_yes,what-price-will-bitcoin-hit-before-2027::1345530,"what-price-will-bitcoin-hit-before-2027 — YES — Will Bitcoin reach $80,000 by December 31, 2026?",0.835,0.87,1,1,0.0419,4.19,0.0419,0.0000,LLM_HYPOTHESIS,,[LLM] BTC PM IV extreme compression (-7σ) creates highest-probability volatility expansion setup - statistical anomaly requires correction,target
T-1776781801276-xspl,2026-04-21T14:30:01.276Z,2026-04-21T17:52:20.424Z,GOLD,polymarket,long,pm_yes,gc-over-under-jun-2026::1032291,"gc-over-under-jun-2026 — YES — Will Gold (GC) settle over $4,800 on the final trading day of June 2026?",0.565,0.53,1,1,-0.0619,-6.19,-0.0619,0.0000,OPT_IV_GT_PM_IV,,"GOLD Options IV (24.8%) >> PM IV (11.0%), ratio 0.44. PM underpricing vol → buy PM upside.",stop
T-1776721098927-0a87,2026-04-20T21:38:18.927Z,2026-04-21T21:40:43.115Z,OIL,hyperliquid,short,hl_perp,OIL,HL OIL perp,89.45,93.94,1,1,-0.0501,-5.01,-0.0502,0.0001,FUNDING_EXTREME_LONG,,OIL HL funding 128.0% annualized — crowded longs. Fade.,stop
T-1776619702999-m7nh,2026-04-19T17:28:22.999Z,2026-04-22T03:55:38.896Z,BTC,spot,short,spot,,BTC spot,75195,77538,1,1,-0.0312,-3.12,-0.0312,0.0000,PC_RATIO_EXTREME_LOW,,BTC P/C ratio 0.22 — heavy call buying → contrarian short.,stop
T-1776571866037-r73j,2026-04-19T04:11:06.037Z,2026-04-22T06:29:54.219Z,GOLD,hyperliquid,short,hl_perp,GOLD,HL GOLD perp,4795,4767,1,1,0.0030,0.30,0.0058,-0.0028,FUNDING_EXTREME_LONG,,GOLD HL funding 23.8% annualized — crowded longs. Fade.,expiry
T-1776793959118-n1ft,2026-04-21T17:52:39.118Z,2026-04-22T06:29:54.219Z,GOLD,polymarket,long,pm_yes,gc-over-under-jun-2026::1032291,"gc-over-under-jun-2026 — YES — Will Gold (GC) settle over $4,800 on the final trading day of June 2026?",0.53,0.555,1,1,0.0472,4.72,0.0472,0.0000,OPT_IV_GT_PM_IV,,"GOLD Options IV (26.7%) >> PM IV (10.9%), ratio 0.41. PM underpricing vol → buy PM upside.",target
T-1776807663840-bouu,2026-04-21T21:41:03.840Z,2026-04-23T10:14:58.659Z,OIL,hyperliquid,short,hl_perp,OIL,HL OIL perp,93.94,98.28,1,1,-0.0467,-4.67,-0.0462,-0.0005,FUNDING_EXTREME_LONG,,OIL HL funding 60.1% annualized — crowded longs. Fade.,stop
T-1776868209545-bktv,2026-04-22T14:30:09.545Z,2026-04-23T10:14:58.659Z,BTC,spot,short,spot,,BTC spot,79005,77185,1,1,0.0230,2.30,0.0230,0.0000,PC_RATIO_EXTREME_LOW,,BTC P/C ratio 0.40 — heavy call buying → contrarian short.,target
T-1776752987853-d3k7,2026-04-21T06:29:47.853Z,2026-04-24T06:59:32.196Z,AMZN,hyperliquid,short,hl_perp,AMZN,HL AMZN perp,256.07,255.22,1,1,0.0038,0.38,0.0033,0.0005,FUNDING_EXTREME_LONG,,AMZN HL funding 25.3% annualized — crowded longs. Fade.,expiry
T-1776839417431-hpjn,2026-04-22T06:30:17.431Z,2026-04-24T06:59:32.196Z,GOLD,polymarket,long,pm_yes,gc-over-under-jun-2026::1032291,"gc-over-under-jun-2026 — YES — Will Gold (GC) settle over $4,800 on the final trading day of June 2026?",0.555,0.575,1,1,0.0360,3.60,0.0360,0.0000,OPT_IV_GT_PM_IV,,"GOLD Options IV (26.6%) >> PM IV (10.3%), ratio 0.39. PM underpricing vol → buy PM upside.",target
T-1776721098927-yyp8,2026-04-20T21:38:18.927Z,2026-04-24T14:28:37.987Z,AMZN,spot,long,spot,,AMZN spot,254.74,259.6,1,1,0.0191,1.91,0.0191,0.0000,LLM_HYPOTHESIS,,[LLM] AMZN explosive momentum with systematic P/C collapse below 0.67 indicates institutional repositioning toward continuation above 255 | [LLM close] AMZN explosive momentum achieved target above 251 with P/C collapse completion. Lock in gains before potential consolidation,llm_decision
T-1776793959118-clkt,2026-04-21T17:52:39.118Z,2026-04-24T14:28:37.987Z,OIL,spot,long,spot,,OIL spot,82.92,84.13,1,1,0.0146,1.46,0.0146,0.0000,PC_RATIO_EXTREME_HIGH,,OIL P/C ratio 2.27 — heavy put buying → contrarian long. | [LLM close] Oil structural recovery complete - Brent-WTI spread normalized and P/C recovered from panic levels. Take profit on successful reversal,llm_decision
T-1777040917988-14oo,2026-04-24T14:28:37.988Z,2026-04-24T17:43:16.065Z,OIL,spot,long,spot,,OIL spot,84.13,84.13,1,1,0.0000,0.00,0.0000,0.0000,PC_RATIO_EXTREME_HIGH,,OIL P/C ratio 5.95 — heavy put buying → contrarian long. | [LLM close] Oil structural recovery complete - Brent-WTI spread normalized to 14.4 and P/C recovered from panic levels. Take profits on systematic correction trade.,llm_decision
T-1777052596066-qnky,2026-04-24T17:43:16.066Z,2026-04-25T03:48:31.855Z,OIL,spot,long,spot,,OIL spot,84.13,84.63,1,1,0.0059,0.59,0.0059,0.0000,PC_RATIO_EXTREME_HIGH,,"OIL P/C ratio 5.95 — heavy put buying → contrarian long. | [LLM close] Oil structural recovery completion - Brent-WTI spread normalized to 16.1 indicating correction finished, take profits per H-200",llm_decision
T-1776852678576-q9oa,2026-04-22T10:11:18.576Z,2026-04-25T13:57:52.298Z,GOLD,hyperliquid,short,hl_perp,GOLD,HL GOLD perp,4752,4712,1,1,0.0098,0.98,0.0084,0.0014,FUNDING_EXTREME_LONG,,GOLD HL funding 23.7% annualized — crowded longs. Fade.,expiry
T-1777066765791-ytdo,2026-04-24T21:39:25.791Z,2026-04-25T21:28:26.553Z,OIL,spot,short,spot,,OIL spot,84.63,84.63,1,1,0.0000,0.00,0.0000,0.0000,PC_RATIO_EXTREME_LOW,,OIL P/C ratio 0.27 — heavy call buying → contrarian short. | [LLM close] Oil structural recovery completed - Brent-WTI spread normalized to 17.2 from extreme lows with funding recovery. Profit-taking on successful structural trade.,llm_decision
T-1776830167382-h7k1,2026-04-22T03:56:07.382Z,2026-04-26T06:55:21.902Z,OIL,spot,close,spot,,OIL spot,82.3,84.63,1,1,-0.0283,-2.83,-0.0283,0.0000,LLM_HYPOTHESIS,,"[LLM] Oil structural recovery complete - Brent-WTI spread normalized and P/C recovered from panic levels. Take profits on bounce completion. | [LLM close] Oil structural recovery complete - Brent-WTI spread normalized and P/C recovered from panic levels, taking profits on recovery trade",llm_decision
T-1777152506554-k2jd,2026-04-25T21:28:26.554Z,2026-04-26T06:55:21.902Z,OIL,spot,short,spot,,OIL spot,84.63,84.63,1,1,0.0000,0.00,0.0000,0.0000,PC_RATIO_EXTREME_LOW,,"OIL P/C ratio 0.27 — heavy call buying → contrarian short. | [LLM close] Oil structural recovery complete - Brent-WTI spread normalized and P/C recovered from panic levels, taking profits on recovery trade",llm_decision
T-1777040917988-az6q,2026-04-24T14:28:37.988Z,2026-04-26T17:31:34.962Z,AMZN,spot,short,spot,,AMZN spot,259.6,264.22,1,1,-0.0178,-1.78,-0.0178,0.0000,PC_RATIO_EXTREME_LOW,,AMZN P/C ratio 0.26 — heavy call buying → contrarian short. | [LLM close] AMZN P/C ratio collapse to 0.302 with explosive momentum to 264.22 - contrarian short thesis invalidated by systematic options repositioning,llm_decision
T-1776658555343-sly8,2026-04-20T04:15:55.343Z,2026-04-27T04:25:41.228Z,HYPE,hyperliquid,long,hl_perp,HYPE,HL HYPE perp,41.108,43.199,1,1,0.0495,4.95,0.0509,-0.0013,LLM_HYPOTHESIS,,"[LLM] HYPE institutional distribution completion - OI declined 16% to 800M from 957M peak with funding crash to -22%, classic oversold reversal setup as smart money exit reaches exhaustion",target
T-1776839417431-ofnl,2026-04-22T06:30:17.431Z,2026-04-27T07:30:07.899Z,BTC,spot,long,spot,,BTC spot,77906,77656,1,1,-0.0032,-0.32,-0.0032,0.0000,LLM_HYPOTHESIS,,[LLM] BTC momentum acceleration above 77.9k with HYPE correlation restoration and IV compression creates sustained breakout continuation toward 79-80k range | [LLM close] BTC pullback from 79k peak accelerating with P/C exhaustion completion - take profits as momentum shifts to distribution phase,llm_decision
T-1776830167382-w12g,2026-04-22T03:56:07.382Z,2026-04-27T10:53:15.401Z,AMZN,spot,close,spot,,AMZN spot,251.7,264.4,1,1,-0.0505,-5.05,-0.0505,0.0000,LLM_HYPOTHESIS,,[LLM] AMZN explosive momentum achieved target above 251 with P/C collapse completion. Lock in gains before weekend consolidation.,stop
T-1777013990656-zmar,2026-04-24T06:59:50.656Z,2026-04-28T07:26:47.535Z,GOLD,polymarket,long,pm_yes,gc-over-under-jun-2026::1032291,"gc-over-under-jun-2026 — YES — Will Gold (GC) settle over $4,800 on the final trading day of June 2026?",0.575,0.535,1,1,-0.0696,-6.96,-0.0696,0.0000,OPT_IV_GT_PM_IV,,"GOLD Options IV (25.1%) >> PM IV (9.8%), ratio 0.39. PM underpricing vol → buy PM upside.",stop
T-1777152506554-dua8,2026-04-25T21:28:26.554Z,2026-04-28T07:26:47.535Z,OIL,hyperliquid,long,hl_perp,OIL,HL OIL perp,101.35,104.3,1,1,0.0285,2.85,0.0291,-0.0006,FUNDING_EXTREME_SHORT,,OIL HL funding -65.3% annualized — crowded shorts. Buy.,target
T-1777263961973-l2ya,2026-04-27T04:26:01.973Z,2026-04-28T07:26:47.535Z,HYPE,hyperliquid,long,hl_perp,HYPE,HL HYPE perp,43.199,40.334,1,1,-0.0666,-6.66,-0.0663,-0.0003,LLM_HYPOTHESIS,,[LLM] HYPE institutional FOMO acceleration after distribution exhaustion - OI surge to 851M with funding positive at 10.95% and spot above 43.2 validates breakout continuation,stop
T-1777186521902-57lf,2026-04-26T06:55:21.902Z,2026-04-28T07:27:13.876Z,OIL,spot,short,spot,,OIL spot,84.63,84.17,1,1,0.0054,0.54,0.0054,0.0000,PC_RATIO_EXTREME_LOW,,OIL P/C ratio 0.27 — heavy call buying → contrarian short. | [LLM close] Oil funding normalization and Brent-WTI spread recovery to 18.4 indicates structural breakdown trade completion - taking profits on overcorrection bounce,llm_decision
T-1777238990403-uv54,2026-04-26T21:29:50.403Z,2026-04-28T10:54:45.556Z,GOLD,hyperliquid,short,hl_perp,GOLD,HL GOLD perp,4713,4610,1,1,0.0223,2.23,0.0219,0.0005,FUNDING_EXTREME_LONG,,GOLD HL funding 27.7% annualized — crowded longs. Fade.,target
T-1777361233876-z565,2026-04-28T07:27:13.876Z,2026-04-28T10:54:45.556Z,GOLD,polymarket,long,pm_yes,gc-over-under-jun-2026::1032291,"gc-over-under-jun-2026 — YES — Will Gold (GC) settle over $4,800 on the final trading day of June 2026?",0.535,0.475,1,1,-0.1121,-11.21,-0.1121,0.0000,OPT_IV_GT_PM_IV,,"GOLD Options IV (21.7%) >> PM IV (9.9%), ratio 0.46. PM underpricing vol → buy PM upside.",stop
T-1776956245282-h6g5,2026-04-23T14:57:25.282Z,2026-04-28T13:53:38.236Z,BTC,spot,short,spot,,BTC spot,78097,76100,1,1,0.0256,2.56,0.0256,0.0000,PC_RATIO_EXTREME_LOW,,BTC P/C ratio 0.38 — heavy call buying → contrarian short.,target
T-1777224694963-3znq,2026-04-26T17:31:34.963Z,2026-04-28T13:53:38.236Z,AMZN,hyperliquid,short,hl_perp,AMZN,HL AMZN perp,264.94,259.71,1,1,0.0204,2.04,0.0197,0.0007,FUNDING_EXTREME_LONG,,AMZN HL funding 57.4% annualized — crowded longs. Fade.,target
T-1777373709855-6bjc,2026-04-28T10:55:09.855Z,2026-04-28T13:53:38.236Z,GOLD,polymarket,long,pm_yes,gc-over-under-jun-2026::1032291,"gc-over-under-jun-2026 — YES — Will Gold (GC) settle over $4,800 on the final trading day of June 2026?",0.475,0.6,1,1,0.2632,26.32,0.2632,0.0000,OPT_IV_GT_PM_IV,,"GOLD Options IV (22.0%) >> PM IV (10.9%), ratio 0.50. PM underpricing vol → buy PM upside.",target
T-1777384445778-w3h0,2026-04-28T13:54:05.778Z,2026-04-28T18:27:51.761Z,BTC,spot,short,spot,,BTC spot,76100,76201,1,1,-0.0013,-0.13,-0.0013,0.0000,MACRO_MOMENTUM_DOWN,,"Macro composite fell -14.0 pts over 24h (49.0→35.0). Risk-off momentum → short BTC. | [LLM close] Macro momentum reversal signal weakened - composite recovered to 42 (BEARISH) from 35 extreme, reducing bearish thesis strength",llm_decision
T-1777301879989-bs3n,2026-04-27T14:57:59.989Z,2026-04-29T18:27:36.198Z,BTC,hyperliquid,long,hl_perp,BTC,HL BTC perp,77808,75268,1,1,-0.0324,-3.24,-0.0326,0.0003,LLM_HYPOTHESIS,,[LLM] BTC funding crash to 5.02% during pullback below 77.8k with P/C exhaustion completion creates systematic bounce setup. Pattern shows positioning unwind completion.,stop
T-1777433278221-fmc8,2026-04-29T03:27:58.221Z,2026-04-30T03:47:52.801Z,AMZN,hyperliquid,short,hl_perp,AMZN,HL AMZN perp,260.88,269.48,1,1,-0.0327,-3.27,-0.0330,0.0003,FUNDING_EXTREME_LONG,,AMZN HL funding 30.5% annualized — crowded longs. Fade.,stop
T-1777408086739-3c6i,2026-04-28T20:28:06.739Z,2026-04-30T04:27:38.429Z,OIL,spot,long,spot,,OIL spot,99.63,109.71,1,1,0.1012,10.12,0.1012,0.0000,LLM_HYPOTHESIS,,[LLM] Oil structural breakdown reversal - Brent-WTI spread collapse to 4.4 from 18+ range with WTI +9.6σ spike creates systematic arbitrage requiring correction within one week. Extreme structural dislocation forces reversion.,target
T-1777523270457-ns45,2026-04-30T04:27:50.457Z,2026-04-30T10:27:50.464Z,OIL,hyperliquid,long,hl_perp,OIL,HL OIL perp,109.71,106.64,1,1,-0.0279,-2.79,-0.0280,0.0001,FUNDING_EXTREME_SHORT,,OIL HL funding -33.2% annualized — crowded shorts. Buy.,stop
T-1777552089709-ftav,2026-04-30T12:28:09.709Z,2026-04-30T13:27:56.291Z,OIL,polymarket,long,pm_yes,cl-over-under-jun-2026::1032415,cl-over-under-jun-2026 — YES — Will Crude Oil (CL) settle over $90 on the final trading day of June 2026?,0.64,0.545,1,1,-0.1484,-14.84,-0.1484,0.0000,LLM_HYPOTHESIS,,[LLM] [LLM] Oil mathematical arbitrage completion - WTI +2.3σ statistical deviation at 104.54 while options IV compresses from extreme +6σ peaks. Brent-WTI spread normalized to 3.9 from structural breakdown lows. Statistical relationship breakdown requires systematic correction within probability bounds. Contract: Will Crude Oil (CL) hit (HIGH) $120 by end of June at 0.605 vs model 0.659.,stop
T-1777555693545-0zik,2026-04-30T13:28:13.545Z,2026-04-30T14:27:54.418Z,OIL,polymarket,long,pm_yes,cl-over-under-jun-2026::1032415,cl-over-under-jun-2026 — YES — Will Crude Oil (CL) settle over $90 on the final trading day of June 2026?,0.64,0.525,1,1,-0.1797,-17.97,-0.1797,0.0000,LLM_HYPOTHESIS,,[LLM] Oil mathematical arbitrage - WTI +2.3σ statistical deviation with IV compression from +6σ peaks creates systematic correction opportunity. PM settle over $90 mispriced versus options model probability during structural recovery completion.,stop
T-1777566489418-3kpz,2026-04-30T16:28:09.418Z,2026-04-30T19:31:32.329Z,AMZN,hyperliquid,short,hl_perp,AMZN,HL AMZN perp,259.78,266.32,1,1,-0.0251,-2.51,-0.0252,0.0000,FUNDING_EXTREME_LONG,,AMZN HL funding 47.2% annualized — crowded longs. Fade.,stop
T-1777544891052-ganl,2026-04-30T10:28:11.052Z,2026-05-01T12:14:20.581Z,OIL,spot,short,spot,,OIL spot,106.64,103.18,1,1,0.0324,3.24,0.0324,0.0000,PC_RATIO_EXTREME_LOW,,OIL P/C ratio 0.00 — heavy call buying → contrarian short.,target
T-1777584512726-vnm2,2026-04-30T21:28:32.726Z,2026-05-01T12:16:23.631Z,OIL,spot,long,spot,,OIL spot,105.16,102.89,1,1,-0.0216,-2.16,-0.0216,0.0000,PC_RATIO_EXTREME_HIGH,,OIL P/C ratio 1.61 — heavy put buying → contrarian long.,stop
T-1777400871771-xctf,2026-04-28T18:27:51.771Z,2026-05-01T13:53:41.505Z,BTC,spot,short,spot,,BTC spot,76201,78733.5,1,1,-0.0332,-3.32,-0.0332,0.0000,MACRO_MOMENTUM_DOWN,,Macro composite fell -8.0 pts over 24h (50.0→42.0). Risk-off momentum → short BTC.,stop
T-1777638527630-36tx,2026-05-01T12:28:47.630Z,2026-05-01T13:55:44.686Z,OIL,spot,long,spot,,OIL spot,102.88,100.58,1,1,-0.0224,-2.24,-0.0224,0.0000,PC_RATIO_EXTREME_HIGH,,OIL P/C ratio 1.61 — heavy put buying → contrarian long.,stop
T-1777595315058-8ot9,2026-05-01T00:28:35.058Z,2026-05-01T14:07:00.577Z,AMZN,hyperliquid,short,hl_perp,AMZN,HL AMZN perp,264.4,271.58,1,1,-0.0270,-2.70,-0.0272,0.0001,FUNDING_EXTREME_LONG,,AMZN HL funding 27.7% annualized — crowded longs. Fade.,stop
T-1777638527631-q991,2026-05-01T12:28:47.631Z,2026-05-01T14:13:09.384Z,OIL,spot,short,spot,,OIL spot,102.88,99.47,1,1,0.0331,3.31,0.0331,0.0000,PM_EV_BELOW_SPOT,,OIL PM EV ($89) is -13.8% below spot ($103). Market expects downside.,target
T-1777373709855-c0q3,2026-04-28T10:55:09.855Z,2026-05-03T10:55:31.316Z,GOLD,spot,short,spot,,GOLD spot,4610,4616,1,1,-0.0013,-0.13,-0.0013,0.0000,PC_RATIO_EXTREME_LOW,,GOLD P/C ratio 0.20 — heavy call buying → contrarian short.,expiry
T-1777361233876-zr83,2026-04-28T07:27:13.876Z,2026-05-03T20:54:53.153716Z,HYPE,hyperliquid,long,hl_perp,HYPE,HL HYPE perp,40.334,41.3475,1,1,0.0250,2.50,0.0251,-0.0002,LLM_HYPOTHESIS,,[LLM] HYPE institutional distribution exhaustion completion - 17% OI decline from 957M to 790M peak with funding normalization creates highest-probability oversold bounce opportunity [manual close requested 2026-05-03],llm_decision
T-1777588123854-phkr,2026-04-30T22:28:43.854Z,2026-05-03T20:54:53.153716Z,BTC,spot,long,spot,,BTC spot,76367,78844.5,1,1,0.0324,3.24,0.0324,0.0000,MACRO_MOMENTUM_UP,,Macro composite rose +8.0 pts over 24h (40.0→48.0). Risk-on momentum → long BTC. [manual close requested 2026-05-03],llm_decision
T-1777645728790-ybqe,2026-05-01T14:28:48.790Z,2026-05-04T08:18:02.566Z,OIL,spot,short,spot,,OIL spot,100.67,104.35,1,1,-0.0366,-3.66,-0.0366,0.0000,PM_EV_BELOW_SPOT,,OIL PM EV ($88) is -12.8% below spot ($101). Market expects downside.,stop
T-1777645728790-5j50,2026-05-01T14:28:48.790Z,2026-05-04T10:04:33.432Z,OIL,spot,long,spot,,OIL spot,100.67,104.88,1,1,0.0418,4.18,0.0418,0.0000,PC_RATIO_EXTREME_HIGH,,OIL P/C ratio 1.38 — heavy put buying → contrarian long.,target
T-1777886924650-y12q,2026-05-04T09:28:44.650Z,2026-05-04T10:16:50.516Z,OIL,spot,short,spot,,OIL spot,103.18,106.82,1,1,-0.0353,-3.53,-0.0353,0.0000,PM_EV_BELOW_SPOT,,OIL PM EV ($83) is -19.2% below spot ($103). Market expects downside.,stop
T-1777088911855-pxgl,2026-04-25T03:48:31.855Z,2026-05-04T14:38:04.529Z,AMZN,hyperliquid,long,hl_perp,AMZN,HL AMZN perp,263.08,273.89,1,1,0.0408,4.08,0.0411,-0.0003,FUNDING_EXTREME_SHORT,,AMZN HL funding -39.2% annualized — crowded shorts. Buy.,target
T-1777804121946-nnw1,2026-05-03T10:28:41.946Z,2026-05-04T14:41:08.636Z,AMZN,hyperliquid,short,hl_perp,AMZN,HL AMZN perp,268.26,275.29,1,1,-0.0259,-2.59,-0.0262,0.0003,FUNDING_EXTREME_LONG,,AMZN HL funding 26.2% annualized — crowded longs. Fade.,stop
T-1777901324152-bi0v,2026-05-04T13:28:44.152Z,2026-05-04T16:08:15.596Z,OIL,spot,short,spot,,OIL spot,102.68,106.47,1,1,-0.0369,-3.69,-0.0369,0.0000,PM_EV_BELOW_SPOT,,OIL PM EV ($84) is -17.8% below spot ($103). Market expects downside.,stop
T-1777692524494-ply8,2026-05-02T03:28:44.494Z,2026-05-05T05:25:11.492Z,BTC,spot,short,spot,,BTC spot,78341,81131.5,1,1,-0.0356,-3.56,-0.0356,0.0000,PROMOTED_HYPOTHESIS,H-148,"[PROMOTED H-148] BTC momentum exhaustion completion signal - when BTC drops below 72k after P/C ratio extreme below 0.44 during new highs above 73k, systematic pullback accelerates to 70-71k range as call positioning unwinds",stop
T-1777843727758-i8vo,2026-05-03T21:28:47.758Z,2026-05-05T10:59:06.429Z,HYPE,spot,long,spot,,HYPE spot,41.182,43.7405,1,1,0.0621,6.21,0.0621,0.0000,PROMOTED_HYPOTHESIS,H-116,[PROMOTED H-116] HYPE OI surge above 840M with spot momentum above 40.5 and funding normalization above -5% creates sustained breakout continuation,target
T-1777919325546-cb31,2026-05-04T18:28:45.546Z,2026-05-05T13:33:48.485Z,AMZN,hyperliquid,short,hl_perp,AMZN,HL AMZN perp,270.89,278.16,1,1,-0.0267,-2.67,-0.0268,0.0002,FUNDING_EXTREME_LONG,,AMZN HL funding 26.7% annualized — crowded longs. Fade.,stop
T-1778034535465-7uh6,2026-05-06T02:28:55.465Z,2026-05-06T08:00:08.590Z,OIL,hyperliquid,long,hl_perp,OIL,HL OIL perp,100.43,97.872,1,1,-0.0253,-2.53,-0.0255,0.0001,FUNDING_EXTREME_SHORT,,OIL HL funding -29.0% annualized — crowded shorts. Buy.,stop
T-1777807736914-gr7z,2026-05-03T11:28:56.914Z,2026-05-06T10:30:37.448Z,GOLD,spot,short,spot,,GOLD spot,4617,4709.5,1,1,-0.0200,-2.00,-0.0200,0.0000,PC_RATIO_EXTREME_LOW,,GOLD P/C ratio 0.37 — heavy call buying → contrarian short.,stop
T-1777843727758-wk0p,2026-05-03T21:28:47.758Z,2026-05-06T16:38:17.403Z,BTC,spot,long,spot,,BTC spot,78886,81514.5,1,1,0.0333,3.33,0.0333,0.0000,PROMOTED_HYPOTHESIS,H-234,[PROMOTED H-234] BTC PM IV extreme compression below 10% during consolidation above 74k creates highest-probability volatility expansion setup,target
T-1777980530153-zd1q,2026-05-05T11:28:50.153Z,2026-05-06T18:04:23.819Z,HYPE,spot,long,spot,,HYPE spot,43.829,42.9475,1,1,-0.0201,-2.01,-0.0201,0.0000,PROMOTED_HYPOTHESIS,H-521,"[PROMOTED HYPE breakout / OI surge momentum via H-521] HYPE breakout continuation when open interest is in the top 15% of the last 24h, spot remains within 6% of its 7d high and above its 24h average, and funding is normalized relative to the last week.",stop
T-1778002126577-s3oc,2026-05-05T17:28:46.577Z,2026-05-12T15:51:57.107Z,BTC,spot,short,spot,,BTC spot,81398,80313,1,1,0.0133,1.33,0.0133,0.0000,PC_RATIO_EXTREME_LOW,,BTC P/C ratio 0.30 — heavy call buying → contrarian short.,expiry
T-1778077733174-c7xj,2026-05-06T14:28:53.174Z,2026-05-12T15:51:57.107Z,OIL,spot,long,spot,,OIL spot,95.04,98.94,1,1,0.0410,4.10,0.0410,0.0000,PC_RATIO_EXTREME_HIGH,,OIL P/C ratio 1.73 — heavy put buying → contrarian long.,target
T-1778110129318-rvvq,2026-05-06T23:28:49.318Z,2026-05-12T15:51:57.107Z,GOLD,spot,short,spot,,GOLD spot,4695,4667,1,1,0.0060,0.60,0.0060,0.0000,PC_RATIO_EXTREME_LOW,,GOLD P/C ratio 0.35 — heavy call buying → contrarian short.,expiry
T-1778601164063-n8nx,2026-05-12T15:52:44.063Z,2026-05-13T01:30:33.471Z,OIL,hyperliquid,long,hl_perp,OIL,HL OIL perp,98.94,98.18,1,1,-0.0050,-0.50,-0.0077,0.0027,FUNDING_EXTREME_SHORT,,"OIL HL funding -304.3% annualized — crowded shorts. Buy. | [LLM close] OIL long thesis has materially weakened: PM settle EV at 86.9 has now INVERTED below spot at 98.18, meaning the original PM-above-spot convergence thesis has fully resolved and overshot. While funding carry remains positive (-93% annualized), the PM inversion is a new bearish signal. Entry was 98.94, current spot 98.18 = approximately -0.77% unrealized, partially offset by accumulated funding carry. The risk/reward of holding has deteriorated: the PM market is now pricing a significant spot decline, and macro headwinds (composite 47, fed_score 14, oil_p_settle_above_current only 31%) reinforce the bearish outlook. Closing to preserve capital and avoid a larger drawdown if PM-spot convergence continues downward.",llm_decision
T-1778635833481-eabv,2026-05-13T01:30:33.481Z,2026-05-13T16:29:15.172Z,OIL,hyperliquid,long,hl_perp,OIL,HL OIL perp,98.18,97.09,1,1,-0.0107,-1.07,-0.0111,0.0004,FUNDING_EXTREME_SHORT,,"OIL HL funding -93.6% annualized — crowded shorts. Buy. | [LLM close] OIL long entered at 98.18 is now at 97.09, approximately -1.1% adverse move. While the funding carry thesis remains valid (-327% annualized = ~0.90%/day positive carry), spot has continued drifting lower and the macro signal remains DECLINING with oil_p_settle_above_current at only 33%. The Brent-WTI spread has narrowed from 5.9 to 5.0, and the BTC-OIL correlation flip to -0.71 suggests oil is decoupling from risk assets in a bearish direction. The carry collected since entry partially offsets the spot loss, but with the stop at 2.5% from entry (~95.78), we are approaching the risk limit. Closing now to preserve capital rather than waiting for the stop to be hit mechanically, as the fundamental thesis (PM settle above spot) has inverted — oil_pm_settle_ev at 87.1 is now well below spot at 97.09, which is the opposite of the original setup condition.",llm_decision
T-1778689755186-cycx,2026-05-13T16:29:15.186Z,2026-05-13T16:32:05.068Z,GOLD,polymarket,long,pm_yes,gc-over-under-jun-2026::1032291,"gc-over-under-jun-2026 — YES — Will Gold (GC) settle over $4,800 on the final trading day of June 2026?",0.58,0.5,1,1,-0.1379,-13.79,-0.1379,0.0000,OPT_IV_GT_PM_IV,,"GOLD Options IV (23.8%) >> PM IV (14.6%), ratio 0.61. PM underpricing vol → buy PM upside.",stop
T-1778689755185-gsia,2026-05-13T16:29:15.185Z,2026-05-13T17:29:20.270Z,OIL,spot,long,spot,,OIL spot,97.09,97.68,1,1,0.0061,0.61,0.0061,0.0000,PC_RATIO_EXTREME_HIGH,,"OIL P/C ratio 1.84 — heavy put buying → contrarian long. | [LLM close] Thesis inversion confirmed: oil_pm_settle_ev at 86.8-87.2 is now ~10 points BELOW spot at 97-99, which is the opposite of the original PC_RATIO_EXTREME_HIGH contrarian long setup. The PM market is pricing oil significantly below current spot, indicating the smart money view is bearish. Additionally, oil_hl_funding_ann remains at -327 to -430% (extreme negative), meaning the perp market is aggressively short and the spot price may be artificially elevated by roll dynamics. The macro regime has shifted to most-hawkish (fed_score=9, macro_composite=45), and BTC-OIL correlation flipped to -0.71 (risk-off decoupling). Close to preserve capital rather than wait for mechanical stop.",llm_decision
T-1778693360282-p8vj,2026-05-13T17:29:20.282Z,2026-05-13T18:29:08.593Z,OIL,hyperliquid,long,hl_perp,OIL,HL OIL perp,97.68,97.1,1,1,-0.0059,-0.59,-0.0059,0.0000,FUNDING_EXTREME_SHORT,,"OIL HL funding -355.3% annualized — crowded shorts. Buy. | [LLM close] Closing OIL long. Signal-family evidence: oil_wti_spot moved -0.59% against the position (97.68 → 97.10), and oil_hl_funding_ann has moved further negative from -355.3% to -378.4% — the crowded short thesis is not reversing, it is intensifying. The FUNDING_EXTREME_SHORT signal family has only 47% win rate and -0.40% avg P&L, making this a marginally negative-expectation setup. The funding carry is negative (we are paying -378% annualized to hold this long), which means each hour held without reversal costs carry. With no evidence of mean reversion in the signal-family metrics and deteriorating macro (fed_score 9, macro_composite 45), the risk/reward no longer justifies holding. Closing to preserve capital.",llm_decision
T-1778696948614-jp7m,2026-05-13T18:29:08.614Z,2026-05-13T19:29:23.302Z,OIL,hyperliquid,long,hl_perp,OIL,HL OIL perp,97.1,97.02,1,1,-0.0008,-0.08,-0.0008,0.0000,FUNDING_EXTREME_SHORT,,"OIL HL funding -378.4% annualized — crowded shorts. Buy. | [LLM close] Closing OIL long opened at 97.1. Signal-family evidence metrics show the thesis is not playing out: oil_wti_spot moved -0.08% against us (97.10 → 97.02) and oil_hl_funding_ann moved further negative (-378.4 → -394.5, delta -16.07), meaning the crowded short is intensifying rather than unwinding. The FUNDING_EXTREME_SHORT signal family has a 44% win rate and -0.41% avg P&L — marginally negative expectation. With funding at -394% annualized, the carry cost on this long position compounds each hour without reversal. The statistical anomaly is at -3.9 std devs and worsening, not mean-reverting. Closing to preserve capital and avoid further funding drag.",llm_decision
T-1778700563322-ge1q,2026-05-13T19:29:23.322Z,2026-05-13T20:28:09.305Z,OIL,hyperliquid,long,hl_perp,OIL,HL OIL perp,97.02,97,1,1,-0.0002,-0.02,-0.0002,0.0000,FUNDING_EXTREME_SHORT,,OIL HL funding -394.5% annualized — crowded shorts. Buy.,signal_killed
T-1778772541388-y4zr,2026-05-14T15:29:01.388Z,2026-05-14T18:14:43.963Z,HYPE,spot,long,spot,,HYPE spot,42.542,44.2705,1,1,0.0406,4.06,0.0406,0.0000,PROMOTED_HYPOTHESIS,H-521,"[PROMOTED HYPE breakout / OI surge momentum via H-521] HYPE breakout continuation when open interest is in the top 15% of the last 24h, spot remains within 6% of its 7d high and above its 24h average, and funding is normalized relative to the last week.",target
T-1778786973532-d1pw,2026-05-14T19:29:33.532Z,2026-05-15T01:45:12.017Z,HYPE,spot,long,spot,,HYPE spot,44.471,46.3185,1,1,0.0415,4.15,0.0415,0.0000,PROMOTED_HYPOTHESIS,H-521,"[PROMOTED HYPE breakout / OI surge momentum via H-521] HYPE breakout continuation when open interest is in the top 15% of the last 24h, spot remains within 6% of its 7d high and above its 24h average, and funding is normalized relative to the last week.",target
T-1778815740373-7b2q,2026-05-15T03:29:00.373Z,2026-05-15T05:40:34.940Z,HYPE,spot,long,spot,,HYPE spot,46.418,45.4665,1,1,-0.0205,-2.05,-0.0205,0.0000,PROMOTED_HYPOTHESIS,H-521,"[PROMOTED HYPE breakout / OI surge momentum via H-521] HYPE breakout continuation when open interest is in the top 15% of the last 24h, spot remains within 6% of its 7d high and above its 24h average, and funding is normalized relative to the last week.",stop
T-1778704145728-sjd7,2026-05-13T20:29:05.728Z,2026-05-15T09:52:29.623Z,OIL,spot,long,spot,,OIL spot,97,100.89,1,1,0.0401,4.01,0.0401,0.0000,PC_RATIO_EXTREME_HIGH,,OIL P/C ratio 1.47 — heavy put buying → contrarian long.,target
T-1778804969344-xd1q,2026-05-15T00:29:29.344Z,2026-05-15T13:02:56.954Z,BTC,spot,long,spot,,BTC spot,81377,80113.5,1,1,-0.0155,-1.55,-0.0155,0.0000,PROMOTED_HYPOTHESIS,H-085,[PROMOTED BTC put-call exhaustion / reversal via H-085] BTC P/C normalization after spike above 0.8 during momentum phases creates continuation signal,stop
T-1778858963408-psx1,2026-05-15T15:29:23.408Z,2026-05-16T01:40:21.010Z,HYPE,spot,long,spot,,HYPE spot,44.122,43.2045,1,1,-0.0208,-2.08,-0.0208,0.0000,PROMOTED_HYPOTHESIS,H-521,"[PROMOTED HYPE breakout / OI surge momentum via H-521] HYPE breakout continuation when open interest is in the top 15% of the last 24h, spot remains within 6% of its 7d high and above its 24h average, and funding is normalized relative to the last week.",stop
T-1778873386400-hqum,2026-05-15T19:29:46.400Z,2026-05-16T09:19:59.970Z,BTC,spot,long,spot,,BTC spot,79093,77899.5,1,1,-0.0151,-1.51,-0.0151,0.0000,PROMOTED_HYPOTHESIS,H-145,[PROMOTED BTC put-call exhaustion / reversal via H-145] BTC momentum exhaustion confirmation when P/C ratio spike above 0.4 after staying below 0.4 during new highs creates 3-5 day pullback acceleration as systematic call unwind begins,stop
T-1778722157808-15xu,2026-05-14T01:29:17.808Z,2026-05-16T18:29:10.750680Z,OIL,polymarket,short,pm_no,what-price-will-wti-hit-in-may-2026::2230536,what-price-will-wti-hit-in-may-2026 — NO — Will WTI Crude Oil (WTI) hit (LOW) $90 in May?,0.4,0.65,1,1,0.6250,62.50,0.6250,0.0000,ONE_TOUCH_HIGH_EDGE_NO,,[ONE-TOUCH HIGH-EDGE NO LIVE] Strict one-touch NO 26.5pt edge on OIL; hold 14d for repricing. Edge >=20pt: high-conviction bucket. | [manual close] Repriced to one-touch model fair value; closing to realize validation win.,target
T-1779035408374-2l8r,2026-05-17T16:30:08.374Z,2026-05-17T19:05:28.954Z,HYPE,spot,long,spot,,HYPE spot,43.919,45.9285,1,1,0.0458,4.58,0.0458,0.0000,PROMOTED_HYPOTHESIS,H-521,"[PROMOTED HYPE breakout / OI surge momentum via H-521] HYPE breakout continuation when open interest is in the top 15% of the last 24h, spot remains within 6% of its 7d high and above its 24h average, and funding is normalized relative to the last week.",target
T-1778794152516-60c7,2026-05-14T21:29:12.516Z,2026-05-17T21:29:15.106Z,GOLD,hyperliquid,short,hl_perp,GOLD,HL GOLD perp,4661,4534,1,1,0.0273,2.73,0.0272,0.0000,FUNDING_EXTREME_LONG,,GOLD HL funding 67.5% annualized — crowded longs. Fade.,expiry
T-1778923758531-nlyu,2026-05-16T09:29:18.531Z,2026-05-17T23:41:58.335Z,BTC,spot,long,spot,,BTC spot,78018,76793.5,1,1,-0.0157,-1.57,-0.0157,0.0000,PROMOTED_HYPOTHESIS,H-145,[PROMOTED BTC put-call exhaustion / reversal via H-145] BTC momentum exhaustion confirmation when P/C ratio spike above 0.4 after staying below 0.4 during new highs creates 3-5 day pullback acceleration as systematic call unwind begins,stop
T-1779046229359-gbig,2026-05-17T19:30:29.359Z,2026-05-17T23:41:58.335Z,HYPE,spot,long,spot,,HYPE spot,46.146,44.842,1,1,-0.0283,-2.83,-0.0283,0.0000,PROMOTED_HYPOTHESIS,H-521,"[PROMOTED HYPE breakout / OI surge momentum via H-521] HYPE breakout continuation when open interest is in the top 15% of the last 24h, spot remains within 6% of its 7d high and above its 24h average, and funding is normalized relative to the last week.",stop
T-1778916565173-vz22,2026-05-16T07:29:25.173Z,2026-05-19T10:38:28.005Z,AMZN,hyperliquid,long,hl_perp,AMZN,HL AMZN perp,262.02,262.65,1,1,0.0023,0.23,0.0024,-0.0001,FUNDING_EXTREME_SHORT,,AMZN HL funding -29.8% annualized — crowded shorts. Buy.,breakeven_stop
T-1779139821182-qwpf,2026-05-18T21:30:21.182Z,2026-05-20T09:35:52.124Z,HYPE,spot,long,spot,,HYPE spot,47.03,48.9285,1,1,0.0404,4.04,0.0404,0.0000,PROMOTED_HYPOTHESIS,H-521,"[PROMOTED HYPE breakout / OI surge momentum via H-521] HYPE breakout continuation when open interest is in the top 15% of the last 24h, spot remains within 6% of its 7d high and above its 24h average, and funding is normalized relative to the last week.",target
T-1779273036923-1kqf,2026-05-20T10:30:36.923Z,2026-05-20T13:48:54.752Z,HYPE,spot,long,spot,,HYPE spot,49.431,51.4465,1,1,0.0408,4.08,0.0408,0.0000,PROMOTED_HYPOTHESIS,H-521,"[PROMOTED HYPE breakout / OI surge momentum via H-521] HYPE breakout continuation when open interest is in the top 15% of the last 24h, spot remains within 6% of its 7d high and above its 24h average, and funding is normalized relative to the last week.",target
T-1779114618102-igou,2026-05-18T14:30:18.102Z,2026-05-20T15:15:57.887Z,OIL,spot,long,spot,,OIL spot,101.3,98.144,1,1,-0.0312,-3.12,-0.0312,0.0000,PC_RATIO_EXTREME_HIGH,,OIL P/C ratio 1.50 — heavy put buying → contrarian long.,stop
T-1779290958678-oozw,2026-05-20T15:29:18.678Z,2026-05-20T16:54:17.059Z,OIL,spot,long,spot,,OIL spot,99.71,97.635,1,1,-0.0208,-2.08,-0.0208,0.0000,PC_RATIO_EXTREME_HIGH,,OIL P/C ratio 1.48 — heavy put buying → contrarian long.,stop
T-1779301754814-oag9,2026-05-20T18:29:14.814Z,2026-05-20T19:54:45.623Z,OIL,spot,long,spot,,OIL spot,98.45,98.15,1,1,-0.0030,-0.30,-0.0030,0.0000,PC_RATIO_EXTREME_HIGH,,OIL P/C ratio 1.56 — heavy put buying → contrarian long. [manual close requested 2026-05-20],llm_decision
T-1779287362227-x0v1,2026-05-20T14:29:22.227Z,2026-05-20T19:55:24.267Z,HYPE,spot,long,spot,,HYPE spot,50.953,52.578,1,1,0.0319,3.19,0.0319,0.0000,PROMOTED_HYPOTHESIS,H-521,"[PROMOTED HYPE breakout / OI surge momentum via H-521] HYPE breakout continuation when open interest is in the top 15% of the last 24h, spot remains within 6% of its 7d high and above its 24h average, and funding is normalized relative to the last week. [manual close requested 2026-05-20]",llm_decision
T-1779319746708-onaz,2026-05-20T23:29:06.708Z,2026-05-21T00:39:17.971Z,HYPE,spot,long,spot,,HYPE spot,54.122,56.3595,1,1,0.0413,4.13,0.0413,0.0000,PROMOTED_HYPOTHESIS,H-521,"[PROMOTED HYPE breakout / OI surge momentum via H-521] HYPE breakout continuation when open interest is in the top 15% of the last 24h, spot remains within 6% of its 7d high and above its 24h average, and funding is normalized relative to the last week.",target
T-1779139821182-o43q,2026-05-18T21:30:21.182Z,2026-05-21T01:12:04.514Z,GOLD,hyperliquid,short,hl_perp,GOLD,HL GOLD perp,4570,4559.2,1,1,0.0024,0.24,0.0024,0.0000,FUNDING_EXTREME_LONG,,GOLD HL funding 25.6% annualized — crowded longs. Fade. (Entry trigger: funding > +15%; consider thesis-invalidated only when funding has been inside ±15% for ≥2 consecutive hourly snapshots OR has flipped sign.),breakeven_stop
T-1779327016107-c0k7,2026-05-21T01:30:16.107Z,2026-05-21T02:05:20.959Z,HYPE,spot,long,spot,,HYPE spot,56.912,55.6845,1,1,-0.0216,-2.16,-0.0216,0.0000,PROMOTED_HYPOTHESIS,H-521,"[PROMOTED HYPE breakout / OI surge momentum via H-521] HYPE breakout continuation when open interest is in the top 15% of the last 24h, spot remains within 6% of its 7d high and above its 24h average, and funding is normalized relative to the last week.",stop
T-1779089415632-pbo3,2026-05-18T07:30:15.632Z,2026-05-21T07:30:54.472Z,BTC,spot,long,spot,,BTC spot,76989,77610.5,1,1,0.0081,0.81,0.0081,0.0000,PROMOTED_HYPOTHESIS,H-069,[PROMOTED BTC put-call exhaustion / reversal via H-069] BTC P/C ratio spike above 1.0 during consolidation above 68500 creates oversold bounce setup as options positioning becomes too bearish,expiry
T-1779337739646-tmax,2026-05-21T04:28:59.646Z,2026-05-21T08:35:23.181Z,HYPE,spot,long,spot,,HYPE spot,56.466,58.755,1,1,0.0405,4.05,0.0405,0.0000,PROMOTED_HYPOTHESIS,H-521,"[PROMOTED HYPE breakout / OI surge momentum via H-521] HYPE breakout continuation when open interest is in the top 15% of the last 24h, spot remains within 6% of its 7d high and above its 24h average, and funding is normalized relative to the last week.",target
T-1779359338722-5o6l,2026-05-21T10:28:58.722Z,2026-05-21T14:02:04.110Z,HYPE,spot,long,spot,,HYPE spot,57.309,59.609,1,1,0.0401,4.01,0.0401,0.0000,PROMOTED_HYPOTHESIS,H-521,"[PROMOTED HYPE breakout / OI surge momentum via H-521] HYPE breakout continuation when open interest is in the top 15% of the last 24h, spot remains within 6% of its 7d high and above its 24h average, and funding is normalized relative to the last week.",target
T-1779373826700-bpzb,2026-05-21T14:30:26.700Z,2026-05-21T15:16:49.889Z,HYPE,spot,long,spot,,HYPE spot,59.566,62.4465,1,1,0.0484,4.84,0.0484,0.0000,PROMOTED_HYPOTHESIS,H-521,"[PROMOTED HYPE breakout / OI surge momentum via H-521] HYPE breakout continuation when open interest is in the top 15% of the last 24h, spot remains within 6% of its 7d high and above its 24h average, and funding is normalized relative to the last week.",target
T-1779312544292-h6fz,2026-05-20T21:29:04.292Z,2026-05-21T17:50:20.920Z,OIL,spot,long,spot,,OIL spot,98.91,96.536,1,1,-0.0240,-2.40,-0.0240,0.0000,PC_RATIO_EXTREME_HIGH,,OIL P/C ratio 1.59 — heavy put buying → contrarian long.,stop
T-1779380952633-5lsm,2026-05-21T16:29:12.633Z,2026-05-21T18:46:41.907Z,HYPE,spot,long,spot,,HYPE spot,59.826,58.6135,1,1,-0.0203,-2.03,-0.0203,0.0000,PROMOTED_HYPOTHESIS,H-521,"[PROMOTED HYPE breakout / OI surge momentum via H-521] HYPE breakout continuation when open interest is in the top 15% of the last 24h, spot remains within 6% of its 7d high and above its 24h average, and funding is normalized relative to the last week.",stop
T-1779409822831-lmfr,2026-05-22T00:30:22.831Z,2026-05-22T02:13:14.955Z,HYPE,hyperliquid,short,hl_perp,HYPE,HL HYPE perp,57.903,57.7775,1,1,0.0022,0.22,0.0022,0.0000,FUNDING_EXTREME_LONG,,HYPE HL funding 24.2% annualized — crowded longs. Fade. (Entry trigger: funding > +15%; consider thesis-invalidated only when funding has been inside ±15% for ≥2 consecutive hourly snapshots OR has flipped sign.),breakeven_stop
T-1779453029824-1h2h,2026-05-22T12:30:29.824Z,2026-05-22T14:44:48.787Z,HYPE,spot,long,spot,,HYPE spot,60.913,59.6165,1,1,-0.0213,-2.13,-0.0213,0.0000,PROMOTED_HYPOTHESIS,H-521,"[PROMOTED HYPE breakout / OI surge momentum via H-521] HYPE breakout continuation when open interest is in the top 15% of the last 24h, spot remains within 6% of its 7d high and above its 24h average, and funding is normalized relative to the last week.",stop
T-1778916565173-2wqk,2026-05-16T07:29:25.173Z,2026-05-23T07:31:13.946Z,GOLD,hyperliquid,long,hl_perp,GOLD,HL GOLD perp,4536,4513,1,1,-0.0051,-0.51,-0.0051,-0.0001,FUNDING_EXTREME_SHORT,,GOLD HL funding -44.8% annualized — crowded shorts. Buy.,expiry
T-1779388148375-mzu8,2026-05-21T18:29:08.375Z,2026-05-23T18:30:34.194Z,OIL,spot,long,spot,,OIL spot,96.64,94.552,1,1,-0.0216,-2.16,-0.0216,0.0000,PC_RATIO_EXTREME_HIGH,,OIL P/C ratio 2.36 — heavy put buying → contrarian long.,stop
T-1779561015987-6dhs,2026-05-23T18:30:15.987Z,2026-05-24T01:09:55.119Z,HYPE,spot,long,spot,,HYPE spot,58.266,60.6485,1,1,0.0409,4.09,0.0409,0.0000,PROMOTED_HYPOTHESIS,H-521,"[PROMOTED HYPE breakout / OI surge momentum via H-521] HYPE breakout continuation when open interest is in the top 15% of the last 24h, spot remains within 6% of its 7d high and above its 24h average, and funding is normalized relative to the last week.",target
T-1779651046966-ocxu,2026-05-24T19:30:46.966Z,2026-05-24T20:48:25.026Z,HYPE,spot,long,spot,,HYPE spot,63.592,62.2955,1,1,-0.0204,-2.04,-0.0204,0.0000,PROMOTED_HYPOTHESIS,H-521,"[PROMOTED HYPE breakout / OI surge momentum via H-521] HYPE breakout continuation when open interest is in the top 15% of the last 24h, spot remains within 6% of its 7d high and above its 24h average, and funding is normalized relative to the last week.",stop
T-1779658272318-spnq,2026-05-24T21:31:12.319Z,2026-05-26T00:26:18.002Z,HYPE,spot,long,spot,,HYPE spot,61.866,60.4255,1,1,-0.0233,-2.33,-0.0233,0.0000,PROMOTED_HYPOTHESIS,H-521,"[PROMOTED HYPE breakout / OI surge momentum via H-521] HYPE breakout continuation when open interest is in the top 15% of the last 24h, spot remains within 6% of its 7d high and above its 24h average, and funding is normalized relative to the last week.",stop
T-1779496230307-1zji,2026-05-23T00:30:30.307Z,2026-05-26T14:31:15.007Z,AMZN,hyperliquid,long,hl_perp,AMZN,HL AMZN perp,264.91,265.15,1,1,0.0005,0.05,0.0009,-0.0005,FUNDING_EXTREME_SHORT,,AMZN HL funding -37.3% annualized — crowded shorts. Buy. (Entry trigger: funding < -15%; consider thesis-invalidated only when funding has been inside ±15% for ≥2 consecutive hourly snapshots OR has flipped sign.),breakeven_stop
T-1779805839044-ffxt,2026-05-26T14:30:39.044Z,2026-05-26T15:04:04.144Z,HYPE,spot,long,spot,,HYPE spot,64.344,63.0285,1,1,-0.0204,-2.04,-0.0204,0.0000,PROMOTED_HYPOTHESIS,H-521,"[PROMOTED HYPE breakout / OI surge momentum via H-521] HYPE breakout continuation when open interest is in the top 15% of the last 24h, spot remains within 6% of its 7d high and above its 24h average, and funding is normalized relative to the last week.",stop
T-1779730229574-8o7m,2026-05-25T17:30:29.574Z,2026-05-26T15:31:42.374Z,BTC,spot,long,spot,,BTC spot,77597,76393.5,1,1,-0.0155,-1.55,-0.0155,0.0000,PROMOTED_HYPOTHESIS,H-170,"[PROMOTED BTC IV compression / vol reversion via H-170] LONG BTC momentum / volatility-confirmed breakout shadow test: BTC is gaining versus its short-term trend near recent highs while options volatility or forward-curve behavior confirms demand for upside exposure. Tests continuation using relative momentum and vol confirmation, not fixed BTC thresholds.",stop
T-1778718867328-fb7r,2026-05-14T00:34:27.328Z,2026-05-26T17:43:00.000Z,BTC,polymarket,short,pm_no,what-price-will-bitcoin-hit-before-2027::701501,"what-price-will-bitcoin-hit-before-2027 — NO — Will Bitcoin dip to $55,000 by December 31, 2026?",0.53,0.5349999999999999,1,1,0.0094,0.94,0.0094,0.0000,ONE_TOUCH_HIGH_EDGE_NO,,[ONE-TOUCH HIGH-EDGE NO LIVE] Strict one-touch NO 17.6pt edge on BTC; hold 14d for repricing. | [Operator close] Closing because old one-touch high-edge NO rules were disabled in favor of adjusted NO-bias shadow testing.,signal_killed
T-1779561015987-bkmy,2026-05-23T18:30:15.987Z,2026-05-26T17:43:00.000Z,ETH,polymarket,short,pm_no,what-price-will-ethereum-hit-before-2027::701552,"what-price-will-ethereum-hit-before-2027 — NO — Will Ethereum dip to $1,500 by December 31, 2026?",0.47,0.515,1,1,0.0957,9.57,0.0957,0.0000,ONE_TOUCH_HIGH_EDGE_NO,,[ONE-TOUCH HIGH-EDGE NO LIVE] Strict one-touch NO 15.3pt edge on ETH; hold 14d for repricing. | [Operator close] Closing because old one-touch high-edge NO rules were disabled in favor of adjusted NO-bias shadow testing.,signal_killed
T-1779805839044-ojbg,2026-05-26T14:30:39.044Z,2026-05-26T17:43:00.000Z,OIL,polymarket,short,pm_no,what-price-will-wti-hit-in-may-2026::2132637,what-price-will-wti-hit-in-may-2026 — NO — Will WTI Crude Oil (WTI) hit (LOW) $85 in May?,0.76,0.765,1,1,0.0066,0.66,0.0066,0.0000,ONE_TOUCH_HIGH_EDGE_NO,,[ONE-TOUCH HIGH-EDGE NO LIVE] Strict one-touch NO 17.5pt edge on OIL; hold 14d for repricing. | [Operator close] Closing because old one-touch high-edge NO rules were disabled in favor of adjusted NO-bias shadow testing.,signal_killed
T-1779481832300-m49c,2026-05-22T20:30:32.300Z,2026-05-27T20:30:45.064Z,GOLD,spot,short,spot,,"GOLD spot",4510,4457.3,1,1,0.0117,1.17,0.0117,0.0000,PC_RATIO_EXTREME_LOW,,"GOLD P/C ratio 0.25 — heavy call buying → contrarian short.",expiry
T-1779931812140-vxa8,2026-05-28T01:30:12.140Z,2026-05-28T03:56:14.287Z,BTC,spot,long,spot,,"BTC spot",74300,73110.5,1,1,-0.0160,-1.60,-0.0160,0.0000,PROMOTED_HYPOTHESIS,H-523,"[PROMOTED BTC PM IV regime-relative compression via H-523] BTC PM IV compression / vol reversion when PM IV is in the bottom 20% of its 30d range and at least 1.25 standard deviations below its 30d mean while BTC spot consolidates within 5% of its 7d high.",stop
T-1779892237566-703l,2026-05-27T14:30:37.566Z,2026-05-29T00:26:13.510Z,OIL,spot,long,spot,,"OIL spot",89.9,87.965,1,1,-0.0215,-2.15,-0.0215,0.0000,PC_RATIO_EXTREME_HIGH,,"OIL P/C ratio 1.92 — heavy put buying → contrarian long.",stop
T-1780000184648-j05x,2026-05-28T20:29:44.648Z,2026-05-29T08:21:28.046Z,HYPE,spot,long,spot,,"HYPE spot",60.738,63.2035,1,1,0.0406,4.06,0.0406,0.0000,PROMOTED_HYPOTHESIS,H-521,"[PROMOTED HYPE relative OI breakout continuation via H-521] HYPE breakout continuation when open interest is in the top 15% of the last 24h, spot remains within 6% of its 7d high and above its 24h average, and funding is normalized relative to the last week.",target
T-1780043314206-oayk,2026-05-29T08:28:34.206Z,2026-05-29T12:28:30.575Z,HYPE,spot,long,spot,,"HYPE spot",63.072,61.752,1,1,-0.0209,-2.09,-0.0209,0.0000,PROMOTED_HYPOTHESIS,H-521,"[PROMOTED HYPE relative OI breakout continuation via H-521] HYPE breakout continuation when open interest is in the top 15% of the last 24h, spot remains within 6% of its 7d high and above its 24h average, and funding is normalized relative to the last week.",stop
T-1779917306706-5bxw,2026-05-27T21:28:26.706Z,2026-05-29T14:02:27.040Z,GOLD,spot,short,spot,,"GOLD spot",4458,4549.3,1,1,-0.0205,-2.05,-0.0205,0.0000,PC_RATIO_EXTREME_LOW,,"GOLD P/C ratio 0.32 — heavy call buying → contrarian short.",stop
T-1780068594760-p5cg,2026-05-29T15:29:54.760Z,2026-05-30T11:29:37.803Z,HYPE,spot,long,spot,,"HYPE spot",65.179,67.074,1,1,0.0291,2.91,0.0291,0.0000,PROMOTED_HYPOTHESIS,H-521,"[PROMOTED HYPE relative OI breakout continuation via H-521] HYPE breakout continuation when open interest is in the top 15% of the last 24h, spot remains within 6% of its 7d high and above its 24h average, and funding is normalized relative to the last week. | [LLM close] HYPE spot at extreme percentiles (99th pct 7d, 100th pct 30d); taking profits at +2.9% to reduce mean-reversion risk.",llm_decision
T-1779978635134-iccb,2026-05-28T14:30:35.134Z,2026-05-30T19:29:29.639Z,BTC,spot,long,spot,,"BTC spot",73033,73988,1,1,0.0131,1.31,0.0131,0.0000,PC_RATIO_EXTREME_HIGH,,"BTC P/C ratio 1.74 — heavy put buying → contrarian long. | [LLM close] P/C ratio normalized from 1.736 to 0.533, extreme put buying reversed.",llm_decision
T-1780068594760-y2qc,2026-05-29T15:29:54.760Z,2026-05-30T19:29:29.639Z,OIL,spot,long,spot,,"OIL spot",87,88.06,1,1,0.0122,1.22,0.0122,0.0000,PC_RATIO_EXTREME_HIGH,,"OIL P/C ratio 2.22 — heavy put buying → contrarian long. | [LLM close] P/C ratio normalized from 2.217 to 1.553.",llm_decision
T-1780115376369-huby,2026-05-30T04:29:36.369Z,2026-05-30T19:29:29.639Z,GOLD,hyperliquid,long,hl_perp,GOLD,"HL GOLD perp",4534,4535,1,1,0.0002,0.02,0.0002,-0.0001,FUNDING_EXTREME_SHORT,,"GOLD HL funding -28.2% annualized — crowded shorts. Buy. (Entry trigger: funding < -15%; consider thesis-invalidated only when funding has been inside ±15% for ≥2 consecutive hourly snapshots OR has flipped sign.) | [LLM close] Funding flipped from -28% to +5.48%, extreme short positioning abated.",llm_decision
T-1780140577804-b8ms,2026-05-30T11:29:37.804Z,2026-05-31T04:53:04.982Z,HYPE,spot,long,spot,,"HYPE spot",67.074,69.7995,1,1,0.0406,4.06,0.0406,0.0000,PROMOTED_HYPOTHESIS,H-521,"[PROMOTED HYPE relative OI breakout continuation via H-521] HYPE breakout continuation when open interest is in the top 15% of the last 24h, spot remains within 6% of its 7d high and above its 24h average, and funding is normalized relative to the last week.",target
T-1780158583369-9rcq,2026-05-30T16:29:43.369Z,2026-05-31T07:29:16.832Z,AMZN,hyperliquid,long,hl_perp,AMZN,"HL AMZN perp",271.23,271.83,1,1,0.0021,0.21,0.0022,-0.0001,FUNDING_EXTREME_SHORT,,"AMZN HL funding -59.2% annualized — crowded shorts. Buy. (Entry trigger: funding < -15%; consider thesis-invalidated only when funding has been inside ±15% for ≥2 consecutive hourly snapshots OR has flipped sign.) | [LLM close] AMZN funding flipped from extreme negative (-59%) to +12.9%, exceeding the entry threshold of < -15% and indicating crowded short covering. The extreme short funding carry has evaporated, invalidating the original FUNDING_EXTREME_SHORT long thesis.",llm_decision
T-1780169369640-cg1z,2026-05-30T19:29:29.640Z,2026-05-31T09:29:12.307Z,OIL,spot,long,spot,,"OIL spot",88.06,88.59,1,1,0.0060,0.60,0.0060,0.0000,PC_RATIO_EXTREME_HIGH,,"OIL P/C ratio 1.55 — heavy put buying → contrarian long. | [LLM close] OIL P/C ratio collapsed from 1.55 to 1.18, reverting through the entry extreme threshold and signaling the put-buying panic has normalized; contrarian long thesis invalidated.",llm_decision
T-1780205309979-ghlx,2026-05-31T05:28:29.979Z,2026-05-31T10:41:59.072Z,HYPE,spot,long,spot,,"HYPE spot",69.645,68.1545,1,1,-0.0214,-2.14,-0.0214,0.0000,PROMOTED_HYPOTHESIS,H-521,"[PROMOTED HYPE relative OI breakout continuation via H-521] HYPE breakout continuation when open interest is in the top 15% of the last 24h, spot remains within 6% of its 7d high and above its 24h average, and funding is normalized relative to the last week.",stop
T-1780241393879-clvc,2026-05-31T15:29:53.879Z,2026-05-31T16:36:20.015Z,HYPE,spot,long,spot,,"HYPE spot",69.177,67.7805,1,1,-0.0202,-2.02,-0.0202,0.0000,PROMOTED_HYPOTHESIS,H-521,"[PROMOTED HYPE relative OI breakout continuation via H-521] HYPE breakout continuation when open interest is in the top 15% of the last 24h, spot remains within 6% of its 7d high and above its 24h average, and funding is normalized relative to the last week.",stop
T-1780245019652-fj3o,2026-05-31T16:30:19.652Z,2026-05-31T20:37:58.913Z,HYPE,hyperliquid,short,hl_perp,HYPE,"HL HYPE perp",68.205,69.9495,1,1,-0.0255,-2.55,-0.0256,0.0001,FUNDING_EXTREME_LONG,,"HYPE HL funding 28.6% annualized — crowded longs. Fade. (Entry trigger: funding > +15%; consider thesis-invalidated only when funding has been inside ±15% for ≥2 consecutive hourly snapshots OR has flipped sign.)",stop
T-1780248726201-7hmz,2026-05-31T17:32:06.201Z,2026-05-31T21:14:49.076Z,HYPE,spot,long,spot,,"HYPE spot",68.485,71.2255,1,1,0.0400,4.00,0.0400,0.0000,PROMOTED_HYPOTHESIS,H-521,"[PROMOTED HYPE relative OI breakout continuation via H-521] HYPE breakout continuation when open interest is in the top 15% of the last 24h, spot remains within 6% of its 7d high and above its 24h average, and funding is normalized relative to the last week.",target
T-1780259417163-x4q9,2026-05-31T20:30:17.163Z,2026-06-01T11:29:17.198Z,AMZN,hyperliquid,long,hl_perp,AMZN,"HL AMZN perp",272.61,269.27,1,1,-0.0124,-1.24,-0.0123,-0.0002,FUNDING_EXTREME_SHORT,,"AMZN HL funding -38.1% annualized — crowded shorts. Buy. (Entry trigger: funding < -15%; consider thesis-invalidated only when funding has been inside ±15% for ≥2 consecutive hourly snapshots OR has flipped sign.) | [LLM close] FUNDING_EXTREME_SHORT thesis invalidated: AMZN HL funding has flipped from -38.1% to +23.1%, indicating short crowd has already covered and squeeze potential is gone. Price action failed to rally despite favorable funding carry.",llm_decision
T-1780266518880-lrtm,2026-05-31T22:28:38.880Z,2026-06-01T14:11:44.882Z,HYPE,spot,long,spot,,"HYPE spot",72.544,70.9785,1,1,-0.0216,-2.16,-0.0216,0.0000,PROMOTED_HYPOTHESIS,H-521,"[PROMOTED HYPE relative OI breakout continuation via H-521] HYPE breakout continuation when open interest is in the top 15% of the last 24h, spot remains within 6% of its 7d high and above its 24h average, and funding is normalized relative to the last week.",stop
T-1780331318678-j4yo,2026-06-01T16:28:38.678Z,2026-06-01T18:41:13.029Z,HYPE,hyperliquid,short,hl_perp,HYPE,"HL HYPE perp",71.501,73.4005,1,1,-0.0265,-2.65,-0.0266,0.0001,FUNDING_EXTREME_LONG,,"HYPE HL funding 72.1% annualized — crowded longs. Fade. (Entry trigger: funding > +15%; consider thesis-invalidated only when funding has been inside ±15% for ≥2 consecutive hourly snapshots OR has flipped sign.)",stop
T-1780342241433-45sd,2026-06-01T19:30:41.433Z,2026-06-01T20:44:03.295Z,HYPE,spot,long,spot,,"HYPE spot",73.667,72.0575,1,1,-0.0218,-2.18,-0.0218,0.0000,PROMOTED_HYPOTHESIS,H-521,"[PROMOTED HYPE relative OI breakout continuation via H-521] HYPE breakout continuation when open interest is in the top 15% of the last 24h, spot remains within 6% of its 7d high and above its 24h average, and funding is normalized relative to the last week.",stop
T-1780352973063-e6ik,2026-06-01T22:29:33.063Z,2026-06-01T23:19:43.088Z,HYPE,hyperliquid,short,hl_perp,HYPE,"HL HYPE perp",73.563,75.678,1,1,-0.0288,-2.88,-0.0288,0.0000,FUNDING_EXTREME_LONG,,"HYPE HL funding 24.0% annualized — crowded longs. Fade. (Entry trigger: funding > +15%; consider thesis-invalidated only when funding has been inside ±15% for ≥2 consecutive hourly snapshots OR has flipped sign.)",stop
MA-1780370911047-6nrr,2026-06-02T03:28:31.047Z,2026-06-02T04:28:35.887Z,SOL,polymarket,long,pm_yes,what-price-will-solana-hit-before-2027::701573,"what-price-will-solana-hit-before-2027 — YES — Will Solana reach $160 by December 31, 2026?",0.18,0.16,1,1,-0.1111,-11.11,-0.1111,0.0000,MONOTONIC_ARB,,"[MONOTONIC ARB LIVE] Buy YES on broader above strike 300 @ 0.0500 and buy NO on narrower above strike 320 @ 0.9400. Gross locked edge 1.00c per paired share before fees/slippage; min payout $1.00 >= cost $0.9900 (risk-free). Threads the strike gap for the ~$1 jackpot payout.",stop
MA-1780374515923-uyg6,2026-06-02T04:28:35.923Z,2026-06-02T05:28:38.369Z,SOL,polymarket,long,pm_yes,what-price-will-solana-hit-before-2027::701572,"what-price-will-solana-hit-before-2027 — YES — Will Solana reach $180 by December 31, 2026?",0.11,0.1,1,1,-0.0909,-9.09,-0.0909,0.0000,MONOTONIC_ARB,,"[MONOTONIC ARB LIVE] Buy YES on broader above strike 300 @ 0.0500 and buy NO on narrower above strike 320 @ 0.9400. Gross locked edge 1.00c per paired share before fees/slippage; min payout $1.00 >= cost $0.9900 (risk-free). Threads the strike gap for the ~$1 jackpot payout.",stop
T-1780370992900-yr6r,2026-06-02T03:29:52.900Z,2026-06-02T04:33:05.011Z,HYPE,spot,long,spot,,"HYPE spot",75.451,73.9085,1,1,-0.0204,-2.04,-0.0204,0.0000,PROMOTED_HYPOTHESIS,H-521,"[PROMOTED HYPE relative OI breakout continuation via H-521] HYPE breakout continuation when open interest is in the top 15% of the last 24h, spot remains within 6% of its 7d high and above its 24h average, and funding is normalized relative to the last week.",stop
MA-1780378118406-879l,2026-06-02T05:28:38.406Z,2026-06-02T06:28:31.764Z,SOL,polymarket,long,pm_yes,what-price-will-solana-hit-before-2027::701572,"what-price-will-solana-hit-before-2027 — YES — Will Solana reach $180 by December 31, 2026?",0.11,0.1,1,1,-0.0909,-9.09,-0.0909,0.0000,MONOTONIC_ARB,,"[MONOTONIC ARB LIVE] Buy YES on broader above strike 300 @ 0.0500 and buy NO on narrower above strike 320 @ 0.9400. Gross locked edge 1.00c per paired share before fees/slippage; min payout $1.00 >= cost $0.9900 (risk-free). Threads the strike gap for the ~$1 jackpot payout.",stop
MA-1780381711795-isvt,2026-06-02T06:28:31.795Z,2026-06-02T07:28:32.312Z,SOL,polymarket,long,pm_yes,what-price-will-solana-hit-before-2027::701572,"what-price-will-solana-hit-before-2027 — YES — Will Solana reach $180 by December 31, 2026?",0.11,0.1,1,1,-0.0909,-9.09,-0.0909,0.0000,MONOTONIC_ARB,,"[MONOTONIC ARB LIVE] Buy YES on broader above strike 300 @ 0.0500 and buy NO on narrower above strike 320 @ 0.9400. Gross locked edge 1.00c per paired share before fees/slippage; min payout $1.00 >= cost $0.9900 (risk-free). Threads the strike gap for the ~$1 jackpot payout.",stop
MA-1780385312342-g1yt,2026-06-02T07:28:32.342Z,2026-06-02T08:28:30.898Z,SOL,polymarket,long,pm_yes,what-price-will-solana-hit-before-2027::701572,"what-price-will-solana-hit-before-2027 — YES — Will Solana reach $180 by December 31, 2026?",0.11,0.1,1,1,-0.0909,-9.09,-0.0909,0.0000,MONOTONIC_ARB,,"[MONOTONIC ARB LIVE] Buy YES on broader above strike 300 @ 0.0500 and buy NO on narrower above strike 320 @ 0.9400. Gross locked edge 1.00c per paired share before fees/slippage; min payout $1.00 >= cost $0.9900 (risk-free). Threads the strike gap for the ~$1 jackpot payout.",stop
MA-1780388910954-3mwm,2026-06-02T08:28:30.954Z,2026-06-02T09:28:37.046Z,SOL,polymarket,long,pm_yes,what-price-will-solana-hit-before-2027::701572,"what-price-will-solana-hit-before-2027 — YES — Will Solana reach $180 by December 31, 2026?",0.11,0.1,1,1,-0.0909,-9.09,-0.0909,0.0000,MONOTONIC_ARB,,"[MONOTONIC ARB LIVE] Buy YES on broader above strike 300 @ 0.0500 and buy NO on narrower above strike 320 @ 0.9400. Gross locked edge 1.00c per paired share before fees/slippage; min payout $1.00 >= cost $0.9900 (risk-free). Threads the strike gap for the ~$1 jackpot payout.",stop
MA-1780392517115-yp3c,2026-06-02T09:28:37.115Z,2026-06-02T10:28:32.930Z,SOL,polymarket,long,pm_yes,what-price-will-solana-hit-before-2027::701572,"what-price-will-solana-hit-before-2027 — YES — Will Solana reach $180 by December 31, 2026?",0.11,0.1,1,1,-0.0909,-9.09,-0.0909,0.0000,MONOTONIC_ARB,,"[MONOTONIC ARB LIVE] Buy YES on broader above strike 300 @ 0.0500 and buy NO on narrower above strike 320 @ 0.9400. Gross locked edge 1.00c per paired share before fees/slippage; min payout $1.00 >= cost $0.9900 (risk-free). Threads the strike gap for the ~$1 jackpot payout.",stop
MA-1780399715181-hk50,2026-06-02T11:28:35.181Z,2026-06-02T12:28:34.631Z,SOL,polymarket,long,pm_yes,what-price-will-solana-hit-before-2027::701572,"what-price-will-solana-hit-before-2027 — YES — Will Solana reach $180 by December 31, 2026?",0.12,0.11,1,1,-0.0833,-8.33,-0.0833,0.0000,MONOTONIC_ARB,,"[MONOTONIC ARB LIVE] Buy YES on broader above strike 300 @ 0.0500 and buy NO on narrower above strike 320 @ 0.9400. Gross locked edge 1.00c per paired share before fees/slippage; min payout $1.00 >= cost $0.9900 (risk-free). Threads the strike gap for the ~$1 jackpot payout.",stop
MA-1780396112962-p4un,2026-06-02T10:28:32.961Z,2026-06-02T11:28:48.201Z,SOL,polymarket,long,pm_yes,what-price-will-solana-hit-before-2027::701572,"what-price-will-solana-hit-before-2027 — YES — Will Solana reach $180 by December 31, 2026?",0.11,0.1,1,1,-0.0909,-9.09,-0.0909,0.0000,MONOTONIC_ARB,,"[MONOTONIC ARB LIVE] Buy YES on broader above strike 300 @ 0.0500 and buy NO on narrower above strike 320 @ 0.9400. Gross locked edge 1.00c per paired share before fees/slippage; min payout $1.00 >= cost $0.9900 (risk-free). Threads the strike gap for the ~$1 jackpot payout.",stop
T-1780414243241-5sr1,2026-06-02T15:30:43.241Z,2026-06-02T19:56:56.071Z,HYPE,hyperliquid,short,hl_perp,HYPE,"HL HYPE perp",70.909,70.7985,1,1,0.0016,0.16,0.0016,0.0000,FUNDING_EXTREME_LONG,,"HYPE HL funding 41.4% annualized — crowded longs. Fade. (Entry trigger: funding > +15%; consider thesis-invalidated only when funding has been inside ±15% for ≥2 consecutive hourly snapshots OR has flipped sign.)",breakeven_stop
T-1780461015990-86nd,2026-06-03T04:30:15.990Z,2026-06-03T13:02:46.174Z,HYPE,hyperliquid,short,hl_perp,HYPE,"HL HYPE perp",71.814,73.754,1,1,-0.0269,-2.69,-0.0270,0.0002,FUNDING_EXTREME_LONG,,"HYPE HL funding 32.1% annualized — crowded longs. Fade. (Entry trigger: funding > +15%; consider thesis-invalidated only when funding has been inside ±15% for ≥2 consecutive hourly snapshots OR has flipped sign.)",stop
T-1780486212450-7g6b,2026-06-03T11:30:12.450Z,2026-06-03T14:25:43.052Z,HYPE,spot,long,spot,,"HYPE spot",73.44,71.8285,1,1,-0.0219,-2.19,-0.0219,0.0000,PROMOTED_HYPOTHESIS,H-521,"[PROMOTED HYPE relative OI breakout continuation via H-521] HYPE breakout continuation when open interest is in the top 15% of the last 24h, spot remains within 6% of its 7d high and above its 24h average, and funding is normalized relative to the last week.",stop
T-1780511316596-aimi,2026-06-03T18:28:36.596Z,2026-06-04T02:02:05.749Z,HYPE,spot,long,spot,,"HYPE spot",73.229,71.5305,1,1,-0.0232,-2.32,-0.0232,0.0000,PROMOTED_HYPOTHESIS,H-521,"[PROMOTED HYPE relative OI breakout continuation via H-521] HYPE breakout continuation when open interest is in the top 15% of the last 24h, spot remains within 6% of its 7d high and above its 24h average, and funding is normalized relative to the last week.",stop
T-1780540115801-2uwl,2026-06-04T02:28:35.801Z,2026-06-04T06:26:20.998Z,HYPE,spot,long,spot,,"HYPE spot",73.267,71.49,1,1,-0.0243,-2.43,-0.0243,0.0000,PROMOTED_HYPOTHESIS,H-521,"[PROMOTED HYPE relative OI breakout continuation via H-521] HYPE breakout continuation when open interest is in the top 15% of the last 24h, spot remains within 6% of its 7d high and above its 24h average, and funding is normalized relative to the last week.",stop
T-1780522234151-2ujl,2026-06-03T21:30:34.151Z,2026-06-04T10:31:18.688Z,GOLD,hyperliquid,short,hl_perp,GOLD,"HL GOLD perp",4442,4470,1,1,-0.0062,-0.62,-0.0063,0.0001,FUNDING_EXTREME_LONG,,"GOLD HL funding 31.1% annualized — crowded longs. Fade. (Entry trigger: funding > +15%; consider thesis-invalidated only when funding has been inside ±15% for ≥2 consecutive hourly snapshots OR has flipped sign.) | [LLM close] Gold funding annualized dropped from 31.1% to 11.6%, below the entry threshold of 15%, while spot rose 0.63%. The extreme long crowding signal has faded without a price decline, invalidating the fade thesis.",llm_decision
T-1780669767050-a1qw,2026-06-05T14:29:27.050Z,2026-06-05T18:52:36.931Z,BTC,spot,long,spot,,"BTC spot",60470,59301.5,1,1,-0.0193,-1.93,-0.0193,0.0000,PC_RATIO_EXTREME_HIGH,,"BTC P/C ratio 1.57 — heavy put buying → contrarian long.",stop
T-1780687722407-mkxq,2026-06-05T19:28:42.407Z,2026-06-05T20:51:25.036Z,BTC,spot,long,spot,,"BTC spot",59723,61643.5,1,1,0.0322,3.22,0.0322,0.0000,PC_RATIO_EXTREME_HIGH,,"BTC P/C ratio 1.49 — heavy put buying → contrarian long.",target
T-1780694915441-xnys,2026-06-05T21:28:35.441Z,2026-06-05T23:33:15.000Z,BTC,spot,long,spot,,"BTC spot",61598,60612.5,1,1,-0.0160,-1.60,-0.0160,0.0000,PC_RATIO_EXTREME_HIGH,,"BTC P/C ratio 1.47 — heavy put buying → contrarian long.",stop
T-1780705774857-tev4,2026-06-06T00:29:34.857Z,2026-06-06T04:12:53.988Z,BTC,spot,long,spot,,"BTC spot",61156,60181.5,1,1,-0.0159,-1.59,-0.0159,0.0000,PC_RATIO_EXTREME_HIGH,,"BTC P/C ratio 1.47 — heavy put buying → contrarian long.",stop
T-1780713001168-lwqx,2026-06-06T02:30:01.168Z,2026-06-06T15:29:30.660Z,AMZN,hyperliquid,long,hl_perp,AMZN,"HL AMZN perp",244.46,244.44,1,1,-0.0002,-0.02,-0.0001,-0.0002,FUNDING_EXTREME_SHORT,,"AMZN HL funding -174.6% annualized — crowded shorts. Buy. (Entry trigger: funding < -15%; consider thesis-invalidated only when funding has been inside ±15% for ≥2 consecutive hourly snapshots OR has flipped sign.) | [LLM close] AMZN funding extreme short signal: entry funding -174.6% has normalized to -15.62%, no longer extreme. The short squeeze thesis has lost its primary driver; closing to avoid potential reversal.",llm_decision
T-1780727388429-g4cs,2026-06-06T06:29:48.429Z,2026-06-06T21:30:05.120Z,GOLD,hyperliquid,short,hl_perp,GOLD,"HL GOLD perp",4320,4307,1,1,0.0030,0.30,0.0030,0.0000,FUNDING_EXTREME_LONG,,"GOLD HL funding 34.9% annualized — crowded longs. Fade. (Entry trigger: funding > +15%; consider thesis-invalidated only when funding has been inside ±15% for ≥2 consecutive hourly snapshots OR has flipped sign.) | [LLM close] GOLD funding extreme long (34.9% ann) faded quickly: funding normalized to 5.48% (below the 15% entry threshold), removing the crowded-long thesis. Position closed at small profit.",llm_decision
T-1780720116500-kjbx,2026-06-06T04:28:36.500Z,2026-06-07T04:51:47.100Z,BTC,spot,long,spot,,"BTC spot",60008,61833.5,1,1,0.0304,3.04,0.0304,0.0000,PC_RATIO_EXTREME_HIGH,,"BTC P/C ratio 1.47 — heavy put buying → contrarian long.",target
T-1780784945591-6bxo,2026-06-06T22:29:05.591Z,2026-06-07T17:29:24.947Z,AMZN,hyperliquid,long,hl_perp,AMZN,"HL AMZN perp",245.39,246.03,1,1,0.0028,0.28,0.0026,0.0002,FUNDING_EXTREME_SHORT,,"AMZN HL funding -47.9% annualized — crowded shorts. Buy. (Entry trigger: funding < -15%; consider thesis-invalidated only when funding has been inside ±15% for ≥2 consecutive hourly snapshots OR has flipped sign.) | [LLM close] AMZN funding has normalized from -47.9% (extreme) to +8.72%, well above the -15% entry threshold. The original crowded-short reversal signal is no longer present; closing to free capital.",llm_decision
T-1780842512960-ajyi,2026-06-07T14:28:32.960Z,2026-06-08T05:29:53.679Z,GOLD,hyperliquid,short,hl_perp,GOLD,"HL GOLD perp",4323,4313,1,1,0.0023,0.23,0.0023,-0.0000,FUNDING_EXTREME_LONG,,"GOLD HL funding 31.8% annualized — crowded longs. Fade. (Entry trigger: funding > +15%; consider thesis-invalidated only when funding has been inside ±15% for ≥2 consecutive hourly snapshots OR has flipped sign.) | [LLM close] FUNDING_EXTREME_LONG gold short entered when funding >15%. Funding has now normalized to 5.48%, below entry threshold, so the extreme condition no longer holds. Close to realize small profit.",llm_decision
T-1779569932573-i7xh,2026-05-23T20:58:52.573Z,2026-06-08T15:41:18.559Z,GOLD,spot,short,spot,,"GOLD spot",4534,4313,1,1,0.0487,4.87,0.0487,0.0000,PC_RATIO_EXTREME_LOW,,"GOLD P/C ratio 0.25 — heavy call buying → contrarian short.",target
T-1779900536699-b02p,2026-05-27T16:48:56.699Z,2026-06-08T15:41:18.559Z,OIL,spot,long,spot,,"OIL spot",89.61,93.42,1,1,0.0425,4.25,0.0425,0.0000,PC_RATIO_EXTREME_HIGH,,"OIL P/C ratio 1.45 — heavy put buying → contrarian long.",target
WF-1780860516735-BABA-wqss,2026-06-07T19:28:36.735Z,2026-06-08T15:45:45.708Z,BABA,hyperliquid,long,hl_perp,BABA,"HL BABA Builder DEX stock perp",121.16,121.15,1,5,0.0000,0.00,-0.0004,0.0004,WEEKEND_HL_FUNDING_REVERSION_LONG,,"[WEEKEND HL FUNDING LIVE] BABA Builder DEX stock perp funding -85.4% annualized in mid band [-100%, -50%] during US-equity-closed window (Fri 4:00pm ET → Mon 9:30am ET). Live tracked long at 5x; exit when margin P&L >= 3%, funding >= 10%, or held 24h.",expiry
T-1780856912116-beqg,2026-06-07T18:28:32.116Z,2026-06-08T15:32:55.010Z,AMZN,hyperliquid,long,hl_perp,AMZN,"HL AMZN perp",245.45,245.91,1,1,0.0018,0.18,0.0019,-0.0000,FUNDING_EXTREME_SHORT,,"AMZN HL funding -56.2% annualized — crowded shorts. Buy. (Entry trigger: funding < -15%; consider thesis-invalidated only when funding has been inside ±15% for ≥2 consecutive hourly snapshots OR has flipped sign.)",breakeven_stop
MA-1780403314728-llno,2026-06-02T12:28:34.728Z,2026-06-23T14:02:19.842Z,SOL,polymarket,long,pm_package,what-price-will-solana-hit-before-2027::YES-701566+NO-701565,what-price-will-solana-hit-before-2027 — monotonic arb package (LIVE) — YES 300 / NO 320,0.99,0.99,1.0,1,0.0,0.0,0.0,0.0,MONOTONIC_ARB,,"[MONOTONIC ARB LIVE] Buy YES on broader above strike 300 @ 0.0500 and buy NO on narrower above strike 320 @ 0.9400. Gross locked edge 1.00c per paired share before fees/slippage; min payout $1.00 >= cost $0.9900 (risk-free). Threads the strike gap for the ~$1 jackpot payout. | [CLOSED 2026-06-23 data_quality_artifact]: stale monotonic-arb LIVE ledger artifact; no matching current wallet position remained during manual closeout, so closed at entry price and excluded from learning.",data_quality_artifact
MA-1780511316427-4vq1,2026-06-03T18:28:36.427Z,2026-06-23T14:02:19.842Z,SOL,polymarket,long,pm_package,what-price-will-solana-hit-in-june-2026::YES-2410602+NO-2410600,what-price-will-solana-hit-in-june-2026 — monotonic arb package (LIVE) — YES 140 / NO 160,0.995,0.995,1.0,1,0.0,0.0,0.0,0.0,MONOTONIC_ARB,,"[MONOTONIC ARB LIVE] Buy YES on broader above strike 140 @ 0.0040 and buy NO on narrower above strike 160 @ 0.9910. Gross locked edge 0.50c per paired share before fees/slippage; min payout $1.00 >= cost $0.9950 (risk-free). Threads the strike gap for the ~$1 jackpot payout. | [CLOSED 2026-06-23 data_quality_artifact]: stale monotonic-arb LIVE ledger artifact; no matching current wallet position remained during manual closeout, so closed at entry price and excluded from learning.",data_quality_artifact
MA-1780511316427-qxg7,2026-06-03T18:28:36.427Z,2026-06-23T14:02:19.842Z,SOL,polymarket,long,pm_package,what-price-will-solana-hit-in-june-2026::YES-2410601+NO-2410600,what-price-will-solana-hit-in-june-2026 — monotonic arb package (LIVE) — YES 150 / NO 160,0.995,0.995,1.0,1,0.0,0.0,0.0,0.0,MONOTONIC_ARB,,"[MONOTONIC ARB LIVE] Buy YES on broader above strike 150 @ 0.0040 and buy NO on narrower above strike 160 @ 0.9910. Gross locked edge 0.50c per paired share before fees/slippage; min payout $1.00 >= cost $0.9950 (risk-free). Threads the strike gap for the ~$1 jackpot payout. | [CLOSED 2026-06-23 data_quality_artifact]: stale monotonic-arb LIVE ledger artifact; no matching current wallet position remained during manual closeout, so closed at entry price and excluded from learning.",data_quality_artifact
MA-1780644515935-bomt,2026-06-05T07:28:35.935Z,2026-06-23T14:02:19.842Z,ETH,polymarket,long,pm_package,what-price-will-ethereum-hit-in-june-2026::YES-2410582+NO-2410581,what-price-will-ethereum-hit-in-june-2026 — monotonic arb package (LIVE) — YES 2700 / NO 2800,0.999,0.999,1.0,1,0.0,0.0,0.0,0.0,MONOTONIC_ARB,,"[MONOTONIC ARB LIVE] Buy YES on broader above strike 2700 @ 0.0090 and buy NO on narrower above strike 2800 @ 0.9900. Gross locked edge 0.10c per paired share before fees/slippage; min payout $1.00 >= cost $0.9990 (risk-free). Threads the strike gap for the ~$1 jackpot payout. | [CLOSED 2026-06-23 data_quality_artifact]: stale monotonic-arb LIVE ledger artifact; no matching current wallet position remained during manual closeout, so closed at entry price and excluded from learning.",data_quality_artifact
MA-1780662516612-mf3w,2026-06-05T12:28:36.612Z,2026-06-23T14:02:19.842Z,GOLD,polymarket,long,pm_package,gc-hit-jun-2026::YES-2001245+NO-2001247,gc-hit-jun-2026 — monotonic arb package (LIVE) — YES 5100 / NO 5200,0.998,0.998,1.0,1,0.0,0.0,0.0,0.0,MONOTONIC_ARB,,"[MONOTONIC ARB LIVE] Buy YES on broader above strike 5100 @ 0.0120 and buy NO on narrower above strike 5200 @ 0.9860. Gross locked edge 0.20c per paired share before fees/slippage; min payout $1.00 >= cost $0.9980 (risk-free). Threads the strike gap for the ~$1 jackpot payout. | [CLOSED 2026-06-23 data_quality_artifact]: stale monotonic-arb LIVE ledger artifact; no matching current wallet position remained during manual closeout, so closed at entry price and excluded from learning.",data_quality_artifact
MA-1780756122347-no4t,2026-06-06T14:28:42.347Z,2026-06-23T14:02:19.842Z,BTC,polymarket,long,pm_package,what-price-will-bitcoin-hit-before-2027::YES-1393068+NO-1393070,what-price-will-bitcoin-hit-before-2027 — monotonic arb package (LIVE) — YES 500000 / NO 1000000,0.999,0.999,1.0,1,0.0,0.0,0.0,0.0,MONOTONIC_ARB,,"[MONOTONIC ARB LIVE] Buy YES on broader above strike 500000 @ 0.0160 and buy NO on narrower above strike 1000000 @ 0.9830. Gross locked edge 0.10c per paired share before fees/slippage; min payout $1.00 >= cost $0.9990 (risk-free). Threads the strike gap for the ~$1 jackpot payout. | [CLOSED 2026-06-23 data_quality_artifact]: stale monotonic-arb LIVE ledger artifact; no matching current wallet position remained during manual closeout, so closed at entry price and excluded from learning.",data_quality_artifact
MA-1780781316401-w1a7,2026-06-06T21:28:36.401Z,2026-06-23T14:02:19.842Z,GOLD,polymarket,long,pm_package,gc-hit-jun-2026::YES-1032268+NO-1295944,gc-hit-jun-2026 — monotonic arb package (LIVE) — YES 7000 / NO 9000,0.999,0.999,1.0,1,0.0,0.0,0.0,0.0,MONOTONIC_ARB,,"[MONOTONIC ARB LIVE] Buy YES on broader above strike 7000 @ 0.0030 and buy NO on narrower above strike 9000 @ 0.9960. Gross locked edge 0.10c per paired share before fees/slippage; min payout $1.00 >= cost $0.9990 (risk-free). Threads the strike gap for the ~$1 jackpot payout. | [CLOSED 2026-06-23 data_quality_artifact]: stale monotonic-arb LIVE ledger artifact; no matching current wallet position remained during manual closeout, so closed at entry price and excluded from learning.",data_quality_artifact
MA-1780856911587-wz2s,2026-06-07T18:28:31.587Z,2026-06-23T14:02:19.842Z,ETH,polymarket,long,pm_package,what-price-will-ethereum-hit-in-june-2026::YES-2410581+NO-2410580,what-price-will-ethereum-hit-in-june-2026 — monotonic arb package (LIVE) — YES 2800 / NO 3000,0.999,0.999,1.0,1,0.0,0.0,0.0,0.0,MONOTONIC_ARB,,"[MONOTONIC ARB LIVE] Buy YES on broader above strike 2800 @ 0.0050 and buy NO on narrower above strike 3000 @ 0.9940. Gross locked edge 0.10c per paired share before fees/slippage; min payout $1.00 >= cost $0.9990 (risk-free). Threads the strike gap for the ~$1 jackpot payout. | [CLOSED 2026-06-23 data_quality_artifact]: stale monotonic-arb LIVE ledger artifact; no matching current wallet position remained during manual closeout, so closed at entry price and excluded from learning.",data_quality_artifact
MA-1780871312894-eb2e,2026-06-07T22:28:32.894Z,2026-06-23T14:02:19.842Z,GOLD,polymarket,long,pm_package,gc-hit-jun-2026::YES-1032268+NO-1032267,gc-hit-jun-2026 — monotonic arb package (LIVE) — YES 7000 / NO 8000,0.999,0.999,1.0,1,0.0,0.0,0.0,0.0,MONOTONIC_ARB,,"[MONOTONIC ARB LIVE] Buy YES on broader above strike 7000 @ 0.0030 and buy NO on narrower above strike 8000 @ 0.9960. Gross locked edge 0.10c per paired share before fees/slippage; min payout $1.00 >= cost $0.9990 (risk-free). Threads the strike gap for the ~$1 jackpot payout. | [CLOSED 2026-06-23 data_quality_artifact]: stale monotonic-arb LIVE ledger artifact; no matching current wallet position remained during manual closeout, so closed at entry price and excluded from learning.",data_quality_artifact
MA-1782223530507-bnlb,2026-06-23T14:05:30.507Z,2026-06-23T14:07:06.287Z,GOLD,polymarket,long,pm_package,what-price-will-xauusd-hit-in-june-2026::YES-2350545+NO-2350544,what-price-will-xauusd-hit-in-june-2026 — monotonic arb package (LIVE) — YES 4700 / NO 4800,0.997,0.997,1.0,1,0.0,0.0,0.0,0.0,MONOTONIC_ARB,,[MONOTONIC ARB LIVE] Buy YES on broader above strike 4700 @ 0.0020 and buy NO on narrower above strike 4800 @ 0.9950. Gross locked edge 0.30c per paired share before fees/slippage; min payout $1.00 >= cost $0.9970 (risk-free). Threads the strike gap for the ~$1 jackpot payout. | [CLOSED 2026-06-23 data_quality_artifact]: reopened by macro engine before monotonic live-opening was disabled on VPS; closed immediately at entry price and excluded from learning.,data_quality_artifact
MA-1782223530986-oi0i,2026-06-23T14:05:30.986Z,2026-06-23T14:07:06.287Z,GOLD,polymarket,long,pm_package,what-price-will-xauusd-hit-in-june-2026::YES-2350545+NO-2350542,what-price-will-xauusd-hit-in-june-2026 — monotonic arb package (LIVE) — YES 4700 / NO 5000,0.999,0.999,1.0,1,0.0,0.0,0.0,0.0,MONOTONIC_ARB,,[MONOTONIC ARB LIVE] Buy YES on broader above strike 4700 @ 0.0020 and buy NO on narrower above strike 5000 @ 0.9970. Gross locked edge 0.10c per paired share before fees/slippage; min payout $1.00 >= cost $0.9990 (risk-free). Threads the strike gap for the ~$1 jackpot payout. | [CLOSED 2026-06-23 data_quality_artifact]: reopened by macro engine before monotonic live-opening was disabled on VPS; closed immediately at entry price and excluded from learning.,data_quality_artifact
MA-1782223531308-z09k,2026-06-23T14:05:31.308Z,2026-06-23T14:07:06.287Z,GOLD,polymarket,long,pm_package,what-price-will-xauusd-hit-in-june-2026::YES-2350545+NO-2350541,what-price-will-xauusd-hit-in-june-2026 — monotonic arb package (LIVE) — YES 4700 / NO 5100,0.999,0.999,1.0,1,0.0,0.0,0.0,0.0,MONOTONIC_ARB,,[MONOTONIC ARB LIVE] Buy YES on broader above strike 4700 @ 0.0020 and buy NO on narrower above strike 5100 @ 0.9970. Gross locked edge 0.10c per paired share before fees/slippage; min payout $1.00 >= cost $0.9990 (risk-free). Threads the strike gap for the ~$1 jackpot payout. | [CLOSED 2026-06-23 data_quality_artifact]: reopened by macro engine before monotonic live-opening was disabled on VPS; closed immediately at entry price and excluded from learning.,data_quality_artifact
