scenario_type,scenario,eligible_buckets,bet_size,starting_bankroll,tracked_candidates,resolved_candidates,trades_entered,trades_skipped_capital,realized_trades,open_trades,middles,floors,zeros,middle_rate_realized,gross_staked,realized_payout,realized_profit,final_cash,open_capital_at_cost,final_equity_mark_cost,realized_roi_pct,gross_turnover_x,realized_turnover_x,max_capital_locked,max_drawdown_mark_cost,elapsed_days,simple_apy_pct,compound_apy_pct,notes
bucket,<1.000,<1.000,10,10000.0,143,76,143,0,76,67,2,74,0,0.02631578947368421,1430.0,792.03,32.03,9362.03,670,10032.03,0.3203,0.143,0.076,730.0,0.0,5.8948,19.83,21.9,Chronological ledger over best observed package cost from all retained monotonic audit sources; unresolved positions remain open and capital-locked at cost; realized ROI only counts known resolved payouts.
bucket,<1.000,<1.000,20,10000.0,143,76,143,0,76,67,2,74,0,0.02631578947368421,2860.0,1584.06,64.06,8724.06,1340,10064.06,0.6406,0.286,0.152,1460.0,0.0,5.8948,39.66,48.5,Chronological ledger over best observed package cost from all retained monotonic audit sources; unresolved positions remain open and capital-locked at cost; realized ROI only counts known resolved payouts.
bucket,<1.000,<1.000,30,10000.0,143,76,143,0,76,67,2,74,0,0.02631578947368421,4290.0,2376.09,96.09,8086.09,2010,10096.09,0.9609,0.429,0.228,2190.0,0.0,5.8948,59.5,80.78,Chronological ledger over best observed package cost from all retained monotonic audit sources; unresolved positions remain open and capital-locked at cost; realized ROI only counts known resolved payouts.
bucket,<1.000,<1.000,40,10000.0,143,76,143,0,76,67,2,74,0,0.02631578947368421,5720.0,3168.12,128.12,7448.12,2680,10128.12,1.2812,0.572,0.304,2920.0,0.0,5.8948,79.33,119.96,Chronological ledger over best observed package cost from all retained monotonic audit sources; unresolved positions remain open and capital-locked at cost; realized ROI only counts known resolved payouts.
bucket,<1.000,<1.000,50,10000.0,143,76,143,0,76,67,2,74,0,0.02631578947368421,7150.0,3960.15,160.15,6810.15,3350,10160.15,1.6015,0.715,0.38,3650.0,0.0,5.8948,99.16,167.45,Chronological ledger over best observed package cost from all retained monotonic audit sources; unresolved positions remain open and capital-locked at cost; realized ROI only counts known resolved payouts.
bucket,<1.000,<1.000,60,10000.0,143,76,143,0,76,67,2,74,0,0.02631578947368421,8580.0,4752.18,192.18,6172.18,4020,10192.18,1.9218,0.858,0.456,4380.0,0.0,5.8948,118.99,225.0,Chronological ledger over best observed package cost from all retained monotonic audit sources; unresolved positions remain open and capital-locked at cost; realized ROI only counts known resolved payouts.
bucket,<1.000,<1.000,70,10000.0,143,76,143,0,76,67,2,74,0,0.02631578947368421,10010.0,5544.21,224.21,5534.21,4690,10224.21,2.2421,1.001,0.532,5110.0,0.0,5.8948,138.83,294.69,Chronological ledger over best observed package cost from all retained monotonic audit sources; unresolved positions remain open and capital-locked at cost; realized ROI only counts known resolved payouts.
bucket,<1.000,<1.000,80,10000.0,143,76,143,0,76,67,2,74,0,0.02631578947368421,11440.0,6336.24,256.24,4896.24,5360,10256.24,2.5624,1.144,0.608,5840.0,0.0,5.8948,158.66,379.04,Chronological ledger over best observed package cost from all retained monotonic audit sources; unresolved positions remain open and capital-locked at cost; realized ROI only counts known resolved payouts.
bucket,<1.000,<1.000,90,10000.0,143,76,143,0,76,67,2,74,0,0.02631578947368421,12870.0,7128.27,288.27,4258.27,6030,10288.27,2.8827,1.287,0.684,6570.0,0.0,5.8948,178.49,481.06,Chronological ledger over best observed package cost from all retained monotonic audit sources; unresolved positions remain open and capital-locked at cost; realized ROI only counts known resolved payouts.
bucket,<1.000,<1.000,100,10000.0,143,76,143,0,76,67,2,74,0,0.02631578947368421,14300.0,7920.3,320.3,3620.3,6700,10320.3,3.203,1.43,0.76,7300.0,0.0,5.8948,198.32,604.38,Chronological ledger over best observed package cost from all retained monotonic audit sources; unresolved positions remain open and capital-locked at cost; realized ROI only counts known resolved payouts.
bucket,<1.000,<1.000,150,10000.0,143,76,133,10,69,64,2,67,0,0.028985507246376812,19950.0,10804.45,454.45,854.45,9600,10454.45,4.5445,1.995,1.035,10350.0,0.0,5.8948,281.39,1467.17,Chronological ledger over best observed package cost from all retained monotonic audit sources; unresolved positions remain open and capital-locked at cost; realized ROI only counts known resolved payouts.
bucket,<1.000,<1.000,200,10000.0,143,76,107,36,60,47,2,58,0,0.03333333333333333,21400.0,12587.42,587.42,1187.42,9400,10587.42,5.8742,2.14,1.2,10400.0,0.0,5.8948,363.72,3327.47,Chronological ledger over best observed package cost from all retained monotonic audit sources; unresolved positions remain open and capital-locked at cost; realized ROI only counts known resolved payouts.
bucket,1.000-1.005,1.000-1.005,10,10000.0,454,245,454,0,245,209,3,242,0,0.012244897959183673,4540.0,2475.62,25.62,7935.62,2090,10025.62,0.2562,0.454,0.245,2180.0,2.22,5.8979,15.86,17.16,Chronological ledger over best observed package cost from all retained monotonic audit sources; unresolved positions remain open and capital-locked at cost; realized ROI only counts known resolved payouts.
bucket,1.000-1.005,1.000-1.005,20,10000.0,454,245,454,0,245,209,3,242,0,0.012244897959183673,9080.0,4951.25,51.25,5871.25,4180,10051.25,0.5125,0.908,0.49,4360.0,4.45,5.8979,31.71,37.21,Chronological ledger over best observed package cost from all retained monotonic audit sources; unresolved positions remain open and capital-locked at cost; realized ROI only counts known resolved payouts.
bucket,1.000-1.005,1.000-1.005,30,10000.0,454,245,454,0,245,209,3,242,0,0.012244897959183673,13620.0,7426.87,76.87,3806.87,6270,10076.87,0.7687,1.362,0.735,6540.0,6.67,5.8979,47.57,60.62,Chronological ledger over best observed package cost from all retained monotonic audit sources; unresolved positions remain open and capital-locked at cost; realized ROI only counts known resolved payouts.
bucket,1.000-1.005,1.000-1.005,40,10000.0,454,245,454,0,245,209,3,242,0,0.012244897959183673,18160.0,9902.49,102.49,1742.49,8360,10102.49,1.0249,1.816,0.98,8720.0,8.89,5.8979,63.43,87.96,Chronological ledger over best observed package cost from all retained monotonic audit sources; unresolved positions remain open and capital-locked at cost; realized ROI only counts known resolved payouts.
bucket,1.000-1.005,1.000-1.005,50,10000.0,454,245,434,20,238,196,3,235,0,0.012605042016806723,21700.0,12028.76,128.76,328.76,9800,10128.76,1.2876,2.17,1.19,10100.0,11.07,5.8979,79.69,120.73,Chronological ledger over best observed package cost from all retained monotonic audit sources; unresolved positions remain open and capital-locked at cost; realized ROI only counts known resolved payouts.
bucket,1.000-1.005,1.000-1.005,60,10000.0,454,245,386,68,220,166,3,217,0,0.013636363636363636,23160.0,13356.61,156.61,196.61,9960,10156.61,1.5661,2.316,1.32,10140.0,11.6,5.8979,96.92,161.61,Chronological ledger over best observed package cost from all retained monotonic audit sources; unresolved positions remain open and capital-locked at cost; realized ROI only counts known resolved payouts.
bucket,1.000-1.005,1.000-1.005,70,10000.0,454,245,323,131,178,145,3,175,0,0.016853932584269662,22610.0,12646.13,186.13,36.13,10150,10186.13,1.8613,2.261,1.246,10150.0,11.79,5.8979,115.19,213.09,Chronological ledger over best observed package cost from all retained monotonic audit sources; unresolved positions remain open and capital-locked at cost; realized ROI only counts known resolved payouts.
bucket,1.000-1.005,1.000-1.005,80,10000.0,454,245,277,177,150,127,3,147,0,0.02,22160.0,12217.83,217.83,57.83,10160,10217.83,2.1783,2.216,1.2,10160.0,10.69,5.8979,134.8,279.46,Chronological ledger over best observed package cost from all retained monotonic audit sources; unresolved positions remain open and capital-locked at cost; realized ROI only counts known resolved payouts.
bucket,1.000-1.005,1.000-1.005,90,10000.0,454,245,256,198,143,113,3,140,0,0.02097902097902098,23040.0,13116.58,246.58,76.58,10170,10246.58,2.4658,2.304,1.287,10170.0,11.39,5.8979,152.6,351.53,Chronological ledger over best observed package cost from all retained monotonic audit sources; unresolved positions remain open and capital-locked at cost; realized ROI only counts known resolved payouts.
bucket,1.000-1.005,1.000-1.005,100,10000.0,454,245,245,209,143,102,3,140,0,0.02097902097902098,24500.0,14573.98,273.98,73.98,10200,10273.98,2.7398,2.45,1.43,10200.0,12.66,5.8979,169.55,432.67,Chronological ledger over best observed package cost from all retained monotonic audit sources; unresolved positions remain open and capital-locked at cost; realized ROI only counts known resolved payouts.
bucket,1.000-1.005,1.000-1.005,150,10000.0,454,245,150,304,82,68,2,80,0,0.024390243902439025,22500.0,12581.9,281.9,81.9,10200,10281.9,2.819,2.25,1.23,10200.0,12.41,5.8979,174.46,458.69,Chronological ledger over best observed package cost from all retained monotonic audit sources; unresolved positions remain open and capital-locked at cost; realized ROI only counts known resolved payouts.
bucket,1.000-1.005,1.000-1.005,200,10000.0,454,245,116,338,65,51,2,63,0,0.03076923076923077,23200.0,13381.25,381.25,181.25,10200,10381.25,3.8125,2.32,1.3,10200.0,12.96,5.8979,235.94,913.05,Chronological ledger over best observed package cost from all retained monotonic audit sources; unresolved positions remain open and capital-locked at cost; realized ROI only counts known resolved payouts.
bucket,1.005-1.02,1.005-1.02,10,10000.0,535,352,535,0,352,183,5,347,0,0.014204545454545454,5350.0,3535.29,15.29,8185.29,1830,10015.29,0.1529,0.535,0.352,1870.0,24.66,5.8979,9.46,9.92,Chronological ledger over best observed package cost from all retained monotonic audit sources; unresolved positions remain open and capital-locked at cost; realized ROI only counts known resolved payouts.
bucket,1.005-1.02,1.005-1.02,20,10000.0,535,352,535,0,352,183,5,347,0,0.014204545454545454,10700.0,7070.58,30.58,6370.58,3660,10030.58,0.3058,1.07,0.704,3740.0,49.32,5.8979,18.92,20.8,Chronological ledger over best observed package cost from all retained monotonic audit sources; unresolved positions remain open and capital-locked at cost; realized ROI only counts known resolved payouts.
bucket,1.005-1.02,1.005-1.02,30,10000.0,535,352,535,0,352,183,5,347,0,0.014204545454545454,16050.0,10605.87,45.87,4555.87,5490,10045.87,0.4587,1.605,1.056,5610.0,73.98,5.8979,28.39,32.74,Chronological ledger over best observed package cost from all retained monotonic audit sources; unresolved positions remain open and capital-locked at cost; realized ROI only counts known resolved payouts.
bucket,1.005-1.02,1.005-1.02,40,10000.0,535,352,535,0,352,183,5,347,0,0.014204545454545454,21400.0,14141.16,61.16,2741.16,7320,10061.16,0.6116,2.14,1.408,7480.0,98.64,5.8979,37.85,45.84,Chronological ledger over best observed package cost from all retained monotonic audit sources; unresolved positions remain open and capital-locked at cost; realized ROI only counts known resolved payouts.
bucket,1.005-1.02,1.005-1.02,50,10000.0,535,352,535,0,352,183,5,347,0,0.014204545454545454,26750.0,17676.45,76.45,926.45,9150,10076.45,0.7645,2.675,1.76,9350.0,123.3,5.8979,47.31,60.21,Chronological ledger over best observed package cost from all retained monotonic audit sources; unresolved positions remain open and capital-locked at cost; realized ROI only counts known resolved payouts.
bucket,1.005-1.02,1.005-1.02,60,10000.0,535,352,508,27,340,168,5,335,0,0.014705882352941176,30480.0,20500.08,100.08,20.08,10080,10100.08,1.0008,3.048,2.04,10140.0,139.62,5.8979,61.94,85.2,Chronological ledger over best observed package cost from all retained monotonic audit sources; unresolved positions remain open and capital-locked at cost; realized ROI only counts known resolved payouts.
bucket,1.005-1.02,1.005-1.02,70,10000.0,535,352,453,82,309,144,5,304,0,0.016181229773462782,31710.0,21769.57,139.57,59.57,10080,10139.57,1.3957,3.171,2.163,10220.0,140.08,5.8979,86.38,135.8,Chronological ledger over best observed package cost from all retained monotonic audit sources; unresolved positions remain open and capital-locked at cost; realized ROI only counts known resolved payouts.
bucket,1.005-1.02,1.005-1.02,80,10000.0,535,352,433,102,306,127,5,301,0,0.016339869281045753,34640.0,24641.96,161.96,1.96,10160,10161.96,1.6196,3.464,2.448,10240.0,157.64,5.8979,100.23,170.29,Chronological ledger over best observed package cost from all retained monotonic audit sources; unresolved positions remain open and capital-locked at cost; realized ROI only counts known resolved payouts.
bucket,1.005-1.02,1.005-1.02,90,10000.0,535,352,400,135,287,113,5,282,0,0.017421602787456445,36000.0,26030.44,200.44,30.44,10170,10200.44,2.0044,3.6,2.583,10260.0,159.11,5.8979,124.05,241.51,Chronological ledger over best observed package cost from all retained monotonic audit sources; unresolved positions remain open and capital-locked at cost; realized ROI only counts known resolved payouts.
bucket,1.005-1.02,1.005-1.02,100,10000.0,535,352,381,154,279,102,5,274,0,0.017921146953405017,38100.0,28129.16,229.16,29.16,10200,10229.16,2.2916,3.81,2.79,10300.0,170.34,5.8979,141.82,306.41,Chronological ledger over best observed package cost from all retained monotonic audit sources; unresolved positions remain open and capital-locked at cost; realized ROI only counts known resolved payouts.
bucket,1.005-1.02,1.005-1.02,150,10000.0,535,352,276,259,208,68,4,204,0,0.019230769230769232,41400.0,31495.04,295.04,95.04,10200,10295.04,2.9504,4.14,3.12,10350.0,167.83,5.8979,182.59,504.65,Chronological ledger over best observed package cost from all retained monotonic audit sources; unresolved positions remain open and capital-locked at cost; realized ROI only counts known resolved payouts.
bucket,1.005-1.02,1.005-1.02,200,10000.0,535,352,173,362,122,51,3,119,0,0.02459016393442623,34600.0,24754.04,354.04,154.04,10200,10354.04,3.5404,3.46,2.44,10400.0,178.31,5.8979,219.1,761.16,Chronological ledger over best observed package cost from all retained monotonic audit sources; unresolved positions remain open and capital-locked at cost; realized ROI only counts known resolved payouts.
bucket,1.02-1.05,1.02-1.05,10,10000.0,417,243,417,0,243,174,21,222,0,0.08641975308641975,4170.0,2554.15,124.15,8384.15,1740,10124.15,1.2415,0.417,0.243,1740.0,19.09,5.898,76.83,114.59,Chronological ledger over best observed package cost from all retained monotonic audit sources; unresolved positions remain open and capital-locked at cost; realized ROI only counts known resolved payouts.
bucket,1.02-1.05,1.02-1.05,20,10000.0,417,243,417,0,243,174,21,222,0,0.08641975308641975,8340.0,5108.29,248.29,6768.29,3480,10248.29,2.4829,0.834,0.486,3480.0,38.19,5.898,153.66,356.22,Chronological ledger over best observed package cost from all retained monotonic audit sources; unresolved positions remain open and capital-locked at cost; realized ROI only counts known resolved payouts.
bucket,1.02-1.05,1.02-1.05,30,10000.0,417,243,417,0,243,174,21,222,0,0.08641975308641975,12510.0,7662.44,372.44,5152.44,5220,10372.44,3.7244,1.251,0.729,5220.0,57.28,5.898,230.49,861.16,Chronological ledger over best observed package cost from all retained monotonic audit sources; unresolved positions remain open and capital-locked at cost; realized ROI only counts known resolved payouts.
bucket,1.02-1.05,1.02-1.05,40,10000.0,417,243,417,0,243,174,21,222,0,0.08641975308641975,16680.0,10216.59,496.59,3536.59,6960,10496.59,4.9659,1.668,0.972,6960.0,76.38,5.898,307.31,1907.09,Chronological ledger over best observed package cost from all retained monotonic audit sources; unresolved positions remain open and capital-locked at cost; realized ROI only counts known resolved payouts.
bucket,1.02-1.05,1.02-1.05,50,10000.0,417,243,417,0,243,174,21,222,0,0.08641975308641975,20850.0,12770.73,620.73,1920.73,8700,10620.73,6.2073,2.085,1.215,8700.0,95.47,5.898,384.14,4055.08,Chronological ledger over best observed package cost from all retained monotonic audit sources; unresolved positions remain open and capital-locked at cost; realized ROI only counts known resolved payouts.
bucket,1.02-1.05,1.02-1.05,60,10000.0,417,243,417,0,243,174,21,222,0,0.08641975308641975,25020.0,15324.88,744.88,304.88,10440,10744.88,7.4488,2.502,1.458,10440.0,114.57,5.898,460.97,8429.4,Chronological ledger over best observed package cost from all retained monotonic audit sources; unresolved positions remain open and capital-locked at cost; realized ROI only counts known resolved payouts.
bucket,1.02-1.05,1.02-1.05,70,10000.0,417,243,392,25,239,153,19,220,0,0.0794979079497908,27440.0,17471.84,741.84,31.84,10710,10741.84,7.4184,2.744,1.673,10710.0,133.66,5.898,459.09,8281.39,Chronological ledger over best observed package cost from all retained monotonic audit sources; unresolved positions remain open and capital-locked at cost; realized ROI only counts known resolved payouts.
bucket,1.02-1.05,1.02-1.05,80,10000.0,417,243,372,45,237,135,19,218,0,0.08016877637130802,29760.0,19813.28,853.28,53.28,10800,10853.28,8.5328,2.976,1.896,10880.0,152.76,5.898,528.05,15774.39,Chronological ledger over best observed package cost from all retained monotonic audit sources; unresolved positions remain open and capital-locked at cost; realized ROI only counts known resolved payouts.
bucket,1.02-1.05,1.02-1.05,90,10000.0,417,243,358,59,237,121,19,218,0,0.08016877637130802,32220.0,22289.93,959.93,69.93,10890,10959.93,9.5993,3.222,2.133,10980.0,171.85,5.898,594.06,28975.94,Chronological ledger over best observed package cost from all retained monotonic audit sources; unresolved positions remain open and capital-locked at cost; realized ROI only counts known resolved payouts.
bucket,1.02-1.05,1.02-1.05,100,10000.0,417,243,340,77,231,109,18,213,0,0.07792207792207792,34000.0,24087.89,987.89,87.89,10900,10987.89,9.8789,3.4,2.31,11000.0,190.94,5.898,611.36,33940.08,Chronological ledger over best observed package cost from all retained monotonic audit sources; unresolved positions remain open and capital-locked at cost; realized ROI only counts known resolved payouts.
bucket,1.02-1.05,1.02-1.05,150,10000.0,417,243,255,162,180,75,15,165,0,0.08333333333333333,38250.0,28294.29,1294.29,44.29,11250,11294.29,12.9429,3.825,2.7,11400.0,276.48,5.898,800.98,186624.34,Chronological ledger over best observed package cost from all retained monotonic audit sources; unresolved positions remain open and capital-locked at cost; realized ROI only counts known resolved payouts.
bucket,1.02-1.05,1.02-1.05,200,10000.0,417,243,235,182,178,57,14,164,0,0.07865168539325842,47000.0,37150.08,1550.08,150.08,11400,11550.08,15.5008,4.7,3.56,11600.0,359.3,5.898,959.27,746512.43,Chronological ledger over best observed package cost from all retained monotonic audit sources; unresolved positions remain open and capital-locked at cost; realized ROI only counts known resolved payouts.
bucket,1.05-1.10,1.05-1.10,10,10000.0,981,726,981,0,726,255,70,656,0,0.09641873278236915,9810.0,7401.45,141.45,7591.45,2550,10141.45,1.4145,0.981,0.726,2550.0,64.59,5.8979,87.54,138.51,Chronological ledger over best observed package cost from all retained monotonic audit sources; unresolved positions remain open and capital-locked at cost; realized ROI only counts known resolved payouts.
bucket,1.05-1.10,1.05-1.10,20,10000.0,981,726,981,0,726,255,70,656,0,0.09641873278236915,19620.0,14802.9,282.9,5182.9,5100,10282.9,2.829,1.962,1.452,5100.0,129.17,5.8979,175.08,462.08,Chronological ledger over best observed package cost from all retained monotonic audit sources; unresolved positions remain open and capital-locked at cost; realized ROI only counts known resolved payouts.
bucket,1.05-1.10,1.05-1.10,30,10000.0,981,726,981,0,726,255,70,656,0,0.09641873278236915,29430.0,22204.36,424.36,2774.36,7650,10424.36,4.2436,2.943,2.178,7650.0,193.76,5.8979,262.62,1209.18,Chronological ledger over best observed package cost from all retained monotonic audit sources; unresolved positions remain open and capital-locked at cost; realized ROI only counts known resolved payouts.
bucket,1.05-1.10,1.05-1.10,40,10000.0,981,726,981,0,726,255,70,656,0,0.09641873278236915,39240.0,29605.81,565.81,365.81,10200,10565.81,5.6581,3.924,2.904,10200.0,258.34,5.8979,350.16,2914.73,Chronological ledger over best observed package cost from all retained monotonic audit sources; unresolved positions remain open and capital-locked at cost; realized ROI only counts known resolved payouts.
bucket,1.05-1.10,1.05-1.10,50,10000.0,981,726,936,45,723,213,69,654,0,0.0954356846473029,46800.0,36821.89,671.89,21.89,10650,10671.89,6.7189,4.68,3.615,10650.0,322.93,5.8979,415.81,5494.27,Chronological ledger over best observed package cost from all retained monotonic audit sources; unresolved positions remain open and capital-locked at cost; realized ROI only counts known resolved payouts.
bucket,1.05-1.10,1.05-1.10,60,10000.0,981,726,901,80,721,180,69,652,0,0.0957004160887656,54060.0,44073.48,813.48,13.48,10800,10813.48,8.1348,5.406,4.326,10800.0,387.51,5.8979,503.43,12547.33,Chronological ledger over best observed package cost from all retained monotonic audit sources; unresolved positions remain open and capital-locked at cost; realized ROI only counts known resolved payouts.
bucket,1.05-1.10,1.05-1.10,70,10000.0,981,726,877,104,721,156,69,652,0,0.0957004160887656,61390.0,51419.06,949.06,29.06,10920,10949.06,9.4906,6.139,5.047,10920.0,452.1,5.8979,587.34,27245.61,Chronological ledger over best observed package cost from all retained monotonic audit sources; unresolved positions remain open and capital-locked at cost; realized ROI only counts known resolved payouts.
bucket,1.05-1.10,1.05-1.10,80,10000.0,981,726,857,124,719,138,69,650,0,0.09596662030598054,68560.0,58615.8,1095.8,55.8,11040,11095.8,10.958,6.856,5.752,11040.0,516.55,5.8979,678.15,62230.4,Chronological ledger over best observed package cost from all retained monotonic audit sources; unresolved positions remain open and capital-locked at cost; realized ROI only counts known resolved payouts.
bucket,1.05-1.10,1.05-1.10,90,10000.0,981,726,833,148,708,125,69,639,0,0.09745762711864407,74970.0,65024.69,1304.69,54.69,11250,11304.69,13.0469,7.497,6.372,11250.0,522.53,5.8979,807.42,197588.43,Chronological ledger over best observed package cost from all retained monotonic audit sources; unresolved positions remain open and capital-locked at cost; realized ROI only counts known resolved payouts.
bucket,1.05-1.10,1.05-1.10,100,10000.0,981,726,808,173,694,114,68,626,0,0.09798270893371758,80800.0,70855.41,1455.41,55.41,11400,11455.41,14.5541,8.08,6.94,11400.0,537.01,5.8979,900.7,448593.67,Chronological ledger over best observed package cost from all retained monotonic audit sources; unresolved positions remain open and capital-locked at cost; realized ROI only counts known resolved payouts.
bucket,1.05-1.10,1.05-1.10,150,10000.0,981,726,675,306,595,80,60,535,0,0.10084033613445378,101250.0,91316.85,2066.85,66.85,12000,12066.85,20.6685,10.125,8.925,12300.0,754.6,5.8979,1279.1,11208649.04,Chronological ledger over best observed package cost from all retained monotonic audit sources; unresolved positions remain open and capital-locked at cost; realized ROI only counts known resolved payouts.
bucket,1.05-1.10,1.05-1.10,200,10000.0,981,726,564,417,504,60,50,454,0,0.0992063492063492,112800.0,102977.96,2177.96,177.96,12000,12177.96,21.7796,11.28,10.08,12400.0,584.51,5.8979,1347.86,19764726.83,Chronological ledger over best observed package cost from all retained monotonic audit sources; unresolved positions remain open and capital-locked at cost; realized ROI only counts known resolved payouts.
bucket,1.10-1.16,1.10-1.16,10,10000.0,746,529,746,0,529,217,87,442,0,0.16446124763705103,7460.0,5471.87,181.87,8011.87,2170,10181.87,1.8187,0.746,0.529,2170.0,31.49,5.8979,112.55,205.08,Chronological ledger over best observed package cost from all retained monotonic audit sources; unresolved positions remain open and capital-locked at cost; realized ROI only counts known resolved payouts.
bucket,1.10-1.16,1.10-1.16,20,10000.0,746,529,746,0,529,217,87,442,0,0.16446124763705103,14920.0,10943.73,363.73,6023.73,4340,10363.73,3.6373,1.492,1.058,4340.0,62.98,5.8979,225.1,812.51,Chronological ledger over best observed package cost from all retained monotonic audit sources; unresolved positions remain open and capital-locked at cost; realized ROI only counts known resolved payouts.
bucket,1.10-1.16,1.10-1.16,30,10000.0,746,529,746,0,529,217,87,442,0,0.16446124763705103,22380.0,16415.6,545.6,4035.6,6510,10545.6,5.456,2.238,1.587,6510.0,94.47,5.8979,337.65,2577.88,Chronological ledger over best observed package cost from all retained monotonic audit sources; unresolved positions remain open and capital-locked at cost; realized ROI only counts known resolved payouts.
bucket,1.10-1.16,1.10-1.16,40,10000.0,746,529,746,0,529,217,87,442,0,0.16446124763705103,29840.0,21887.46,727.46,2047.46,8680,10727.46,7.2746,2.984,2.116,8680.0,125.96,5.8979,450.2,7615.23,Chronological ledger over best observed package cost from all retained monotonic audit sources; unresolved positions remain open and capital-locked at cost; realized ROI only counts known resolved payouts.
bucket,1.10-1.16,1.10-1.16,50,10000.0,746,529,746,0,529,217,87,442,0,0.16446124763705103,37300.0,27359.33,909.33,59.33,10850,10909.33,9.0933,3.73,2.645,10850.0,157.45,5.8979,562.75,21736.41,Chronological ledger over best observed package cost from all retained monotonic audit sources; unresolved positions remain open and capital-locked at cost; realized ROI only counts known resolved payouts.
bucket,1.10-1.16,1.10-1.16,60,10000.0,746,529,708,38,526,182,84,442,0,0.1596958174904943,42480.0,32512.26,952.26,32.26,10920,10952.26,9.5226,4.248,3.156,10920.0,188.94,5.8979,589.32,27744.87,Chronological ledger over best observed package cost from all retained monotonic audit sources; unresolved positions remain open and capital-locked at cost; realized ROI only counts known resolved payouts.
bucket,1.10-1.16,1.10-1.16,70,10000.0,746,529,682,64,523,159,84,439,0,0.16061185468451242,47740.0,37747.04,1137.04,7.04,11130,11137.04,11.3704,4.774,3.661,11130.0,220.43,5.8979,703.67,78317.5,Chronological ledger over best observed package cost from all retained monotonic audit sources; unresolved positions remain open and capital-locked at cost; realized ROI only counts known resolved payouts.
bucket,1.10-1.16,1.10-1.16,80,10000.0,746,529,664,82,523,141,84,439,0,0.16061185468451242,53120.0,43139.47,1299.47,19.47,11280,11299.47,12.9947,5.312,4.184,11280.0,251.93,5.8979,804.2,192024.61,Chronological ledger over best observed package cost from all retained monotonic audit sources; unresolved positions remain open and capital-locked at cost; realized ROI only counts known resolved payouts.
bucket,1.10-1.16,1.10-1.16,90,10000.0,746,529,650,96,523,127,84,439,0,0.16061185468451242,58500.0,48531.91,1461.91,31.91,11430,11461.91,14.6191,5.85,4.707,11430.0,283.42,5.8979,904.72,464627.4,Chronological ledger over best observed package cost from all retained monotonic audit sources; unresolved positions remain open and capital-locked at cost; realized ROI only counts known resolved payouts.
bucket,1.10-1.16,1.10-1.16,100,10000.0,746,529,639,107,523,116,84,439,0,0.16061185468451242,63900.0,53924.34,1624.34,24.34,11600,11624.34,16.2434,6.39,5.23,11600.0,314.91,5.8979,1005.25,1110135.64,Chronological ledger over best observed package cost from all retained monotonic audit sources; unresolved positions remain open and capital-locked at cost; realized ROI only counts known resolved payouts.
bucket,1.10-1.16,1.10-1.16,150,10000.0,746,529,550,196,467,83,77,390,0,0.16488222698072805,82500.0,72513.78,2463.78,13.78,12450,12463.78,24.6378,8.25,7.005,12450.0,556.45,5.8979,1524.74,83064209.42,Chronological ledger over best observed package cost from all retained monotonic audit sources; unresolved positions remain open and capital-locked at cost; realized ROI only counts known resolved payouts.
bucket,1.10-1.16,1.10-1.16,200,10000.0,746,529,502,244,437,65,72,365,0,0.16475972540045766,100400.0,90465.96,3065.96,65.96,13000,13065.96,30.6596,10.04,8.74,13200.0,667.56,5.8979,1897.41,1540167535.58,Chronological ledger over best observed package cost from all retained monotonic audit sources; unresolved positions remain open and capital-locked at cost; realized ROI only counts known resolved payouts.
bucket,1.16-1.25,1.16-1.25,10,10000.0,964,699,964,0,699,265,163,536,0,0.23319027181688126,9640.0,7238.2,248.2,7598.2,2650,10248.2,2.482,0.964,0.699,2650.0,92.74,5.8978,153.6,355.97,Chronological ledger over best observed package cost from all retained monotonic audit sources; unresolved positions remain open and capital-locked at cost; realized ROI only counts known resolved payouts.
bucket,1.16-1.25,1.16-1.25,20,10000.0,964,699,964,0,699,265,163,536,0,0.23319027181688126,19280.0,14476.39,496.39,5196.39,5300,10496.39,4.9639,1.928,1.398,5300.0,185.48,5.8978,307.2,1904.99,Chronological ledger over best observed package cost from all retained monotonic audit sources; unresolved positions remain open and capital-locked at cost; realized ROI only counts known resolved payouts.
bucket,1.16-1.25,1.16-1.25,30,10000.0,964,699,964,0,699,265,163,536,0,0.23319027181688126,28920.0,21714.59,744.59,2794.59,7950,10744.59,7.4459,2.892,2.097,7950.0,278.22,5.8978,460.81,8416.32,Chronological ledger over best observed package cost from all retained monotonic audit sources; unresolved positions remain open and capital-locked at cost; realized ROI only counts known resolved payouts.
bucket,1.16-1.25,1.16-1.25,40,10000.0,964,699,964,0,699,265,163,536,0,0.23319027181688126,38560.0,28952.78,992.78,392.78,10600,10992.78,9.9278,3.856,2.796,10600.0,370.97,5.8978,614.41,34898.25,Chronological ledger over best observed package cost from all retained monotonic audit sources; unresolved positions remain open and capital-locked at cost; realized ROI only counts known resolved payouts.
bucket,1.16-1.25,1.16-1.25,50,10000.0,964,699,918,46,694,224,162,532,0,0.2334293948126801,45900.0,35942.62,1242.62,42.62,11200,11242.62,12.4262,4.59,3.47,11200.0,463.71,5.8978,769.03,140525.51,Chronological ledger over best observed package cost from all retained monotonic audit sources; unresolved positions remain open and capital-locked at cost; realized ROI only counts known resolved payouts.
bucket,1.16-1.25,1.16-1.25,60,10000.0,964,699,883,81,693,190,161,532,0,0.23232323232323232,52980.0,43030.3,1450.3,50.3,11400,11450.3,14.503,5.298,4.158,11460.0,556.45,5.8978,897.56,436453.1,Chronological ledger over best observed package cost from all retained monotonic audit sources; unresolved positions remain open and capital-locked at cost; realized ROI only counts known resolved payouts.
bucket,1.16-1.25,1.16-1.25,70,10000.0,964,699,860,104,693,167,161,532,0,0.23232323232323232,60200.0,50202.02,1692.02,2.02,11690,11692.02,16.9202,6.02,4.851,11690.0,649.19,5.8978,1047.15,1590336.44,Chronological ledger over best observed package cost from all retained monotonic audit sources; unresolved positions remain open and capital-locked at cost; realized ROI only counts known resolved payouts.
bucket,1.16-1.25,1.16-1.25,80,10000.0,964,699,842,122,693,149,161,532,0,0.23232323232323232,67360.0,57373.74,1933.74,13.74,11920,11933.74,19.3374,6.736,5.544,11920.0,741.93,5.8978,1196.74,5642842.83,Chronological ledger over best observed package cost from all retained monotonic audit sources; unresolved positions remain open and capital-locked at cost; realized ROI only counts known resolved payouts.
bucket,1.16-1.25,1.16-1.25,90,10000.0,964,699,827,137,692,135,161,531,0,0.23265895953757226,74430.0,64471.99,2191.99,41.99,12150,12191.99,21.9199,7.443,6.228,12150.0,834.67,5.8978,1356.57,21229048.49,Chronological ledger over best observed package cost from all retained monotonic audit sources; unresolved positions remain open and capital-locked at cost; realized ROI only counts known resolved payouts.
bucket,1.16-1.25,1.16-1.25,100,10000.0,964,699,808,156,684,124,159,525,0,0.2324561403508772,80800.0,70802.94,2402.94,2.94,12400,12402.94,24.0294,8.08,6.84,12400.0,927.42,5.8978,1487.12,61376747.46,Chronological ledger over best observed package cost from all retained monotonic audit sources; unresolved positions remain open and capital-locked at cost; realized ROI only counts known resolved payouts.
bucket,1.16-1.25,1.16-1.25,150,10000.0,964,699,727,237,638,89,148,490,0,0.23197492163009403,109050.0,99051.18,3351.18,1.18,13350,13351.18,33.5118,10.905,9.57,13350.0,1401.24,5.8978,2073.96,5862545464.8,Chronological ledger over best observed package cost from all retained monotonic audit sources; unresolved positions remain open and capital-locked at cost; realized ROI only counts known resolved payouts.
bucket,1.16-1.25,1.16-1.25,200,10000.0,964,699,622,342,557,65,124,433,0,0.22262118491921004,124400.0,114431.38,3031.38,31.38,13000,13031.38,30.3138,12.44,11.14,13000.0,2259.36,5.8978,1876.04,1307541680.02,Chronological ledger over best observed package cost from all retained monotonic audit sources; unresolved positions remain open and capital-locked at cost; realized ROI only counts known resolved payouts.
bucket,1.25-2.00,1.25-2.00,10,10000.0,2460,1588,2460,0,1588,872,867,721,0,0.5459697732997482,24600.0,16502.7,622.7,1902.7,8720,10622.7,6.227,2.46,1.588,8720.0,137.88,5.8979,385.37,4103.21,Chronological ledger over best observed package cost from all retained monotonic audit sources; unresolved positions remain open and capital-locked at cost; realized ROI only counts known resolved payouts.
bucket,1.25-2.00,1.25-2.00,20,10000.0,2460,1588,2127,333,1569,558,851,718,0,0.5423836838750796,42540.0,32544.17,1164.17,4.17,11160,11164.17,11.6417,4.254,3.138,11160.0,275.75,5.8979,720.46,91061.15,Chronological ledger over best observed package cost from all retained monotonic audit sources; unresolved positions remain open and capital-locked at cost; realized ROI only counts known resolved payouts.
bucket,1.25-2.00,1.25-2.00,30,10000.0,2460,1588,1815,645,1425,390,793,632,0,0.5564912280701755,54450.0,44453.59,1703.59,3.59,11700,11703.59,17.0359,5.445,4.275,11700.0,413.63,5.8979,1054.29,1690440.45,Chronological ledger over best observed package cost from all retained monotonic audit sources; unresolved positions remain open and capital-locked at cost; realized ROI only counts known resolved payouts.
bucket,1.25-2.00,1.25-2.00,40,10000.0,2460,1588,1646,814,1345,301,740,605,0,0.550185873605948,65840.0,55861.22,2061.22,21.22,12040,12061.22,20.6122,6.584,5.38,12040.0,551.51,5.8979,1275.62,10889648.32,Chronological ledger over best observed package cost from all retained monotonic audit sources; unresolved positions remain open and capital-locked at cost; realized ROI only counts known resolved payouts.
bucket,1.25-2.00,1.25-2.00,50,10000.0,2460,1588,1469,991,1216,253,682,534,0,0.5608552631578947,73450.0,63455.76,2655.76,5.76,12650,12655.76,26.5576,7.345,6.08,12650.0,525.48,5.8979,1643.56,213920850.35,Chronological ledger over best observed package cost from all retained monotonic audit sources; unresolved positions remain open and capital-locked at cost; realized ROI only counts known resolved payouts.
bucket,1.25-2.00,1.25-2.00,60,10000.0,2460,1588,1352,1108,1138,214,632,506,0,0.5553602811950791,81120.0,71175.64,2895.64,55.64,12840,12895.64,28.9564,8.112,6.828,12840.0,630.57,5.8979,1792.01,683768104.5,Chronological ledger over best observed package cost from all retained monotonic audit sources; unresolved positions remain open and capital-locked at cost; realized ROI only counts known resolved payouts.
bucket,1.25-2.00,1.25-2.00,70,10000.0,2460,1588,1247,1213,1054,193,595,459,0,0.5645161290322581,87290.0,77349.75,3569.75,59.75,13510,13569.75,35.6975,8.729,7.378,13510.0,718.34,5.8979,2209.19,16010165998.89,Chronological ledger over best observed package cost from all retained monotonic audit sources; unresolved positions remain open and capital-locked at cost; realized ROI only counts known resolved payouts.
bucket,1.25-2.00,1.25-2.00,80,10000.0,2460,1588,1140,1320,975,165,540,435,0,0.5538461538461539,91200.0,81200.35,3200.35,0.35,13200,13200.35,32.0035,9.12,7.8,13200.0,712.21,5.8979,1980.58,2901368019.04,Chronological ledger over best observed package cost from all retained monotonic audit sources; unresolved positions remain open and capital-locked at cost; realized ROI only counts known resolved payouts.
bucket,1.25-2.00,1.25-2.00,90,10000.0,2460,1588,1094,1366,938,156,526,412,0,0.5607675906183369,98460.0,88460.21,4040.21,0.21,14040,14040.21,40.4021,9.846,8.442,14040.0,801.24,5.8979,2500.34,huge,Chronological ledger over best observed package cost from all retained monotonic audit sources; unresolved positions remain open and capital-locked at cost; realized ROI only counts known resolved payouts.
bucket,1.25-2.00,1.25-2.00,100,10000.0,2460,1588,1016,1444,873,143,492,381,0,0.563573883161512,101600.0,91633.25,4333.25,33.25,14300,14333.25,43.3325,10.16,8.73,14300.0,890.27,5.8979,2681.69,huge,Chronological ledger over best observed package cost from all retained monotonic audit sources; unresolved positions remain open and capital-locked at cost; realized ROI only counts known resolved payouts.
bucket,1.25-2.00,1.25-2.00,150,10000.0,2460,1588,733,1727,637,96,353,284,0,0.554160125588697,109950.0,99963.81,4413.81,13.81,14400,14413.81,44.1381,10.995,9.555,14400.0,1335.4,5.8979,2731.55,huge,Chronological ledger over best observed package cost from all retained monotonic audit sources; unresolved positions remain open and capital-locked at cost; realized ROI only counts known resolved payouts.
bucket,1.25-2.00,1.25-2.00,200,10000.0,2460,1588,547,1913,473,74,263,210,0,0.5560253699788583,109400.0,99579.16,4979.16,179.16,14800,14979.16,49.7916,10.94,9.46,15000.0,1780.54,5.8979,3081.43,huge,Chronological ledger over best observed package cost from all retained monotonic audit sources; unresolved positions remain open and capital-locked at cost; realized ROI only counts known resolved payouts.
blend,blend_all_0.95_2.00,<1.000|1.000-1.005|1.005-1.02|1.02-1.05|1.05-1.10|1.10-1.16|1.16-1.25|1.25-2.00,10,10000.0,6700,4458,5152,1548,4032,1120,1101,2931,0,0.27306547619047616,51520.0,41523.64,1203.64,3.64,11200,11203.64,12.0364,5.152,4.032,11200.0,235.97,5.898,744.88,113298.08,Chronological ledger over best observed package cost from all retained monotonic audit sources; unresolved positions remain open and capital-locked at cost; realized ROI only counts known resolved payouts.
blend,blend_all_0.95_2.00,<1.000|1.000-1.005|1.005-1.02|1.02-1.05|1.05-1.10|1.10-1.16|1.16-1.25|1.25-2.00,20,10000.0,6700,4458,3806,2894,3214,592,882,2332,0,0.2744243932794026,76120.0,66133.45,1853.45,13.45,11840,11853.45,18.5345,7.612,6.428,11840.0,356.03,5.898,1147.01,3714468.73,Chronological ledger over best observed package cost from all retained monotonic audit sources; unresolved positions remain open and capital-locked at cost; realized ROI only counts known resolved payouts.
blend,blend_all_0.95_2.00,<1.000|1.000-1.005|1.005-1.02|1.02-1.05|1.05-1.10|1.10-1.16|1.16-1.25|1.25-2.00,30,10000.0,6700,4458,3044,3656,2623,421,732,1891,0,0.27906976744186046,91320.0,81332.29,2642.29,12.29,12630,12642.29,26.4229,9.132,7.869,12630.0,433.28,5.898,1635.19,200233509.39,Chronological ledger over best observed package cost from all retained monotonic audit sources; unresolved positions remain open and capital-locked at cost; realized ROI only counts known resolved payouts.
blend,blend_all_0.95_2.00,<1.000|1.000-1.005|1.005-1.02|1.02-1.05|1.05-1.10|1.10-1.16|1.16-1.25|1.25-2.00,40,10000.0,6700,4458,2507,4193,2181,326,624,1557,0,0.2861072902338377,100280.0,90306.26,3066.26,26.26,13040,13066.26,30.6626,10.028,8.724,13040.0,577.71,5.898,1897.57,1541940279.44,Chronological ledger over best observed package cost from all retained monotonic audit sources; unresolved positions remain open and capital-locked at cost; realized ROI only counts known resolved payouts.
blend,blend_all_0.95_2.00,<1.000|1.000-1.005|1.005-1.02|1.02-1.05|1.05-1.10|1.10-1.16|1.16-1.25|1.25-2.00,50,10000.0,6700,4458,2001,4699,1736,265,514,1222,0,0.2960829493087558,100050.0,90066.27,3266.27,16.27,13250,13266.27,32.6627,10.005,8.68,13250.0,722.13,5.898,2021.35,3947985633.19,Chronological ledger over best observed package cost from all retained monotonic audit sources; unresolved positions remain open and capital-locked at cost; realized ROI only counts known resolved payouts.
blend,blend_all_0.95_2.00,<1.000|1.000-1.005|1.005-1.02|1.02-1.05|1.05-1.10|1.10-1.16|1.16-1.25|1.25-2.00,60,10000.0,6700,4458,1824,4876,1610,214,464,1146,0,0.28819875776397513,109440.0,99462.61,2862.61,22.61,12840,12862.61,28.6261,10.944,9.66,12840.0,866.56,5.898,1771.54,583296074.95,Chronological ledger over best observed package cost from all retained monotonic audit sources; unresolved positions remain open and capital-locked at cost; realized ROI only counts known resolved payouts.
blend,blend_all_0.95_2.00,<1.000|1.000-1.005|1.005-1.02|1.02-1.05|1.05-1.10|1.10-1.16|1.16-1.25|1.25-2.00,70,10000.0,6700,4458,1595,5105,1408,187,416,992,0,0.29545454545454547,111650.0,101719.62,3159.62,69.62,13090,13159.62,31.5962,11.165,9.856,13090.0,1010.99,5.898,1955.34,2395659244.28,Chronological ledger over best observed package cost from all retained monotonic audit sources; unresolved positions remain open and capital-locked at cost; realized ROI only counts known resolved payouts.
blend,blend_all_0.95_2.00,<1.000|1.000-1.005|1.005-1.02|1.02-1.05|1.05-1.10|1.10-1.16|1.16-1.25|1.25-2.00,80,10000.0,6700,4458,1432,5268,1264,168,385,879,0,0.3045886075949367,114560.0,104578.02,3458.02,18.02,13440,13458.02,34.5802,11.456,10.112,13440.0,1148.14,5.898,2140.01,9595100046.95,Chronological ledger over best observed package cost from all retained monotonic audit sources; unresolved positions remain open and capital-locked at cost; realized ROI only counts known resolved payouts.
blend,blend_all_0.95_2.00,<1.000|1.000-1.005|1.005-1.02|1.02-1.05|1.05-1.10|1.10-1.16|1.16-1.25|1.25-2.00,90,10000.0,6700,4458,1229,5471,1081,148,337,744,0,0.31174838112858466,110610.0,100648.62,3358.62,38.62,13320,13358.62,33.5862,11.061,9.729,13320.0,1262.16,5.898,2078.5,6064727371.72,Chronological ledger over best observed package cost from all retained monotonic audit sources; unresolved positions remain open and capital-locked at cost; realized ROI only counts known resolved payouts.
blend,blend_all_0.95_2.00,<1.000|1.000-1.005|1.005-1.02|1.02-1.05|1.05-1.10|1.10-1.16|1.16-1.25|1.25-2.00,100,10000.0,6700,4458,1119,5581,982,137,313,669,0,0.31873727087576376,111900.0,101944.7,3744.7,44.7,13700,13744.7,37.447,11.19,9.82,13700.0,1227.6,5.898,2317.42,35364165437.04,Chronological ledger over best observed package cost from all retained monotonic audit sources; unresolved positions remain open and capital-locked at cost; realized ROI only counts known resolved payouts.
blend,blend_all_0.95_2.00,<1.000|1.000-1.005|1.005-1.02|1.02-1.05|1.05-1.10|1.10-1.16|1.16-1.25|1.25-2.00,150,10000.0,6700,4458,705,5995,613,92,203,410,0,0.33115823817292006,105750.0,95888.03,3938.03,138.03,13800,13938.03,39.3803,10.575,9.195,13800.0,1571.35,5.898,2437.07,83941210703.44,Chronological ledger over best observed package cost from all retained monotonic audit sources; unresolved positions remain open and capital-locked at cost; realized ROI only counts known resolved payouts.
blend,blend_all_0.95_2.00,<1.000|1.000-1.005|1.005-1.02|1.02-1.05|1.05-1.10|1.10-1.16|1.16-1.25|1.25-2.00,200,10000.0,6700,4458,466,6234,400,66,125,275,0,0.3125,93200.0,83221.6,3221.6,21.6,13200,13221.6,32.216,9.32,8.0,13200.0,1475.1,5.898,1993.7,3204102009.53,Chronological ledger over best observed package cost from all retained monotonic audit sources; unresolved positions remain open and capital-locked at cost; realized ROI only counts known resolved payouts.
blend,blend_low_0.95_1.02,<1.000|1.000-1.005|1.005-1.02,10,10000.0,1132,673,1132,0,673,459,10,663,0,0.014858841010401188,11320.0,6802.94,72.94,5482.94,4590,10072.94,0.7294,1.132,0.673,4760.0,10.93,5.8979,45.14,56.8,Chronological ledger over best observed package cost from all retained monotonic audit sources; unresolved positions remain open and capital-locked at cost; realized ROI only counts known resolved payouts.
blend,blend_low_0.95_1.02,<1.000|1.000-1.005|1.005-1.02,20,10000.0,1132,673,1132,0,673,459,10,663,0,0.014858841010401188,22640.0,13605.88,145.88,965.88,9180,10145.88,1.4588,2.264,1.346,9520.0,21.86,5.8979,90.28,145.05,Chronological ledger over best observed package cost from all retained monotonic audit sources; unresolved positions remain open and capital-locked at cost; realized ROI only counts known resolved payouts.
blend,blend_low_0.95_1.02,<1.000|1.000-1.005|1.005-1.02,30,10000.0,1132,673,915,217,575,340,9,566,0,0.01565217391304348,27450.0,17458.56,208.56,8.56,10200,10208.56,2.0856,2.745,1.725,10200.0,29.3,5.8979,129.07,258.73,Chronological ledger over best observed package cost from all retained monotonic audit sources; unresolved positions remain open and capital-locked at cost; realized ROI only counts known resolved payouts.
blend,blend_low_0.95_1.02,<1.000|1.000-1.005|1.005-1.02,40,10000.0,1132,673,785,347,528,257,9,519,0,0.017045454545454544,31400.0,21405.08,285.08,5.08,10280,10285.08,2.8508,3.14,2.112,10280.0,37.29,5.8979,176.43,469.49,Chronological ledger over best observed package cost from all retained monotonic audit sources; unresolved positions remain open and capital-locked at cost; realized ROI only counts known resolved payouts.
blend,blend_low_0.95_1.02,<1.000|1.000-1.005|1.005-1.02,50,10000.0,1132,673,554,578,349,205,7,342,0,0.02005730659025788,27700.0,17743.55,293.55,43.55,10250,10293.55,2.9355,2.77,1.745,10300.0,29.27,5.8979,181.67,499.25,Chronological ledger over best observed package cost from all retained monotonic audit sources; unresolved positions remain open and capital-locked at cost; realized ROI only counts known resolved payouts.
blend,blend_low_0.95_1.02,<1.000|1.000-1.005|1.005-1.02,60,10000.0,1132,673,443,689,272,171,6,266,0,0.022058823529411766,26580.0,16625.77,305.77,45.77,10260,10305.77,3.0577,2.658,1.632,10260.0,40.31,5.8979,189.23,544.89,Chronological ledger over best observed package cost from all retained monotonic audit sources; unresolved positions remain open and capital-locked at cost; realized ROI only counts known resolved payouts.
blend,blend_low_0.95_1.02,<1.000|1.000-1.005|1.005-1.02,70,10000.0,1132,673,411,721,263,148,6,257,0,0.022813688212927757,28770.0,18770.75,360.75,0.75,10360,10360.75,3.6075,2.877,1.841,10360.0,43.08,5.8979,223.25,796.38,Chronological ledger over best observed package cost from all retained monotonic audit sources; unresolved positions remain open and capital-locked at cost; realized ROI only counts known resolved payouts.
blend,blend_low_0.95_1.02,<1.000|1.000-1.005|1.005-1.02,80,10000.0,1132,673,371,761,241,130,6,235,0,0.024896265560165973,29680.0,19697.82,417.82,17.82,10400,10417.82,4.1782,2.968,1.928,10400.0,43.59,5.8979,258.57,1159.32,Chronological ledger over best observed package cost from all retained monotonic audit sources; unresolved positions remain open and capital-locked at cost; realized ROI only counts known resolved payouts.
blend,blend_low_0.95_1.02,<1.000|1.000-1.005|1.005-1.02,90,10000.0,1132,673,324,808,208,116,6,202,0,0.028846153846153848,29160.0,19200.29,480.29,40.29,10440,10480.29,4.8029,2.916,1.872,10440.0,44.51,5.8979,297.23,1723.15,Chronological ledger over best observed package cost from all retained monotonic audit sources; unresolved positions remain open and capital-locked at cost; realized ROI only counts known resolved payouts.
blend,blend_low_0.95_1.02,<1.000|1.000-1.005|1.005-1.02,100,10000.0,1132,673,281,851,176,105,6,170,0,0.03409090909090909,28100.0,18149.66,549.66,49.66,10500,10549.66,5.4966,2.81,1.76,10500.0,41.83,5.8979,340.16,2642.42,Chronological ledger over best observed package cost from all retained monotonic audit sources; unresolved positions remain open and capital-locked at cost; realized ROI only counts known resolved payouts.
blend,blend_low_0.95_1.02,<1.000|1.000-1.005|1.005-1.02,150,10000.0,1132,673,165,967,95,70,4,91,0,0.042105263157894736,24750.0,14811.59,561.59,61.59,10500,10561.59,5.6159,2.475,1.425,10500.0,40.96,5.8979,347.54,2841.06,Chronological ledger over best observed package cost from all retained monotonic audit sources; unresolved positions remain open and capital-locked at cost; realized ROI only counts known resolved payouts.
blend,blend_low_0.95_1.02,<1.000|1.000-1.005|1.005-1.02,200,10000.0,1132,673,131,1001,78,53,4,74,0,0.05128205128205128,26200.0,16368.01,768.01,168.01,10600,10768.01,7.6801,2.62,1.56,10600.0,38.35,5.8979,475.29,9643.93,Chronological ledger over best observed package cost from all retained monotonic audit sources; unresolved positions remain open and capital-locked at cost; realized ROI only counts known resolved payouts.
blend,blend_mid_1.02_1.10,1.02-1.05|1.05-1.10,10,10000.0,1398,969,1398,0,969,429,91,878,0,0.09391124871001032,13980.0,9955.6,265.6,5975.6,4290,10265.6,2.656,1.398,0.969,4290.0,70.48,5.898,164.37,406.43,Chronological ledger over best observed package cost from all retained monotonic audit sources; unresolved positions remain open and capital-locked at cost; realized ROI only counts known resolved payouts.
blend,blend_mid_1.02_1.10,1.02-1.05|1.05-1.10,20,10000.0,1398,969,1398,0,969,429,91,878,0,0.09391124871001032,27960.0,19911.2,531.2,1951.2,8580,10531.2,5.312,2.796,1.938,8580.0,140.96,5.898,328.73,2360.61,Chronological ledger over best observed package cost from all retained monotonic audit sources; unresolved positions remain open and capital-locked at cost; realized ROI only counts known resolved payouts.
blend,blend_mid_1.02_1.10,1.02-1.05|1.05-1.10,30,10000.0,1398,969,1314,84,957,357,88,869,0,0.09195402298850575,39420.0,29438.57,728.57,18.57,10710,10728.57,7.2857,3.942,2.871,10710.0,211.44,5.898,450.88,7664.27,Chronological ledger over best observed package cost from all retained monotonic audit sources; unresolved positions remain open and capital-locked at cost; realized ROI only counts known resolved payouts.
blend,blend_mid_1.02_1.10,1.02-1.05|1.05-1.10,40,10000.0,1398,969,1230,168,956,274,88,868,0,0.09205020920502092,49200.0,39212.29,972.29,12.29,10960,10972.29,9.7229,4.92,3.824,10960.0,281.92,5.898,601.71,31075.71,Chronological ledger over best observed package cost from all retained monotonic audit sources; unresolved positions remain open and capital-locked at cost; realized ROI only counts known resolved payouts.
blend,blend_mid_1.02_1.10,1.02-1.05|1.05-1.10,50,10000.0,1398,969,1147,251,925,222,84,841,0,0.09081081081081081,57350.0,47352.89,1102.89,2.89,11100,11102.89,11.0289,5.735,4.625,11150.0,324.03,5.898,682.53,64736.81,Chronological ledger over best observed package cost from all retained monotonic audit sources; unresolved positions remain open and capital-locked at cost; realized ROI only counts known resolved payouts.
blend,blend_mid_1.02_1.10,1.02-1.05|1.05-1.10,60,10000.0,1398,969,1058,340,869,189,81,788,0,0.09321058688147296,63480.0,53503.41,1363.41,23.41,11340,11363.41,13.6341,6.348,5.214,11340.0,334.77,5.898,843.75,272276.72,Chronological ledger over best observed package cost from all retained monotonic audit sources; unresolved positions remain open and capital-locked at cost; realized ROI only counts known resolved payouts.
blend,blend_mid_1.02_1.10,1.02-1.05|1.05-1.10,70,10000.0,1398,969,970,428,810,160,72,738,0,0.08888888888888889,67900.0,57952.7,1252.7,52.7,11200,11252.7,12.527,6.79,5.67,11480.0,394.71,5.898,775.24,148506.01,Chronological ledger over best observed package cost from all retained monotonic audit sources; unresolved positions remain open and capital-locked at cost; realized ROI only counts known resolved payouts.
blend,blend_mid_1.02_1.10,1.02-1.05|1.05-1.10,80,10000.0,1398,969,931,467,786,145,73,713,0,0.09287531806615776,74480.0,64520.11,1640.11,40.11,11600,11640.11,16.4011,7.448,6.288,11760.0,346.04,5.898,1014.99,1207125.61,Chronological ledger over best observed package cost from all retained monotonic audit sources; unresolved positions remain open and capital-locked at cost; realized ROI only counts known resolved payouts.
blend,blend_mid_1.02_1.10,1.02-1.05|1.05-1.10,90,10000.0,1398,969,871,527,739,132,71,668,0,0.09607577807848444,78390.0,68438.73,1928.73,48.73,11880,11928.73,19.2873,7.839,6.651,11970.0,396.18,5.898,1193.6,5496182.87,Chronological ledger over best observed package cost from all retained monotonic audit sources; unresolved positions remain open and capital-locked at cost; realized ROI only counts known resolved payouts.
blend,blend_mid_1.02_1.10,1.02-1.05|1.05-1.10,100,10000.0,1398,969,825,573,703,122,70,633,0,0.09957325746799431,82500.0,72558.74,2258.74,58.74,12200,12258.74,22.5874,8.25,7.03,12300.0,424.69,5.898,1397.83,29751901.75,Chronological ledger over best observed package cost from all retained monotonic audit sources; unresolved positions remain open and capital-locked at cost; realized ROI only counts known resolved payouts.
blend,blend_mid_1.02_1.10,1.02-1.05|1.05-1.10,150,10000.0,1398,969,683,715,601,82,56,545,0,0.09317803660565724,102450.0,92488.17,2338.17,38.17,12300,12338.17,23.3817,10.245,9.015,12750.0,574.31,5.898,1446.99,44370963.49,Chronological ledger over best observed package cost from all retained monotonic audit sources; unresolved positions remain open and capital-locked at cost; realized ROI only counts known resolved payouts.
blend,blend_mid_1.02_1.10,1.02-1.05|1.05-1.10,200,10000.0,1398,969,556,842,497,59,43,454,0,0.08651911468812877,111200.0,101353.08,1953.08,153.08,11800,11953.08,19.5308,11.12,9.94,12400.0,837.72,5.898,1208.67,6235447.47,Chronological ledger over best observed package cost from all retained monotonic audit sources; unresolved positions remain open and capital-locked at cost; realized ROI only counts known resolved payouts.
blend,blend_wide_1.10_1.25,1.10-1.16|1.16-1.25,10,10000.0,1710,1228,1710,0,1228,482,250,978,0,0.20358306188925082,17100.0,12710.06,430.06,5610.06,4820,10430.06,4.3006,1.71,1.228,4820.0,89.63,5.8979,266.15,1254.28,Chronological ledger over best observed package cost from all retained monotonic audit sources; unresolved positions remain open and capital-locked at cost; realized ROI only counts known resolved payouts.
blend,blend_wide_1.10_1.25,1.10-1.16|1.16-1.25,20,10000.0,1710,1228,1710,0,1228,482,250,978,0,0.20358306188925082,34200.0,25420.12,860.12,1220.12,9640,10860.12,8.6012,3.42,2.456,9640.0,179.27,5.8979,532.3,16407.47,Chronological ledger over best observed package cost from all retained monotonic audit sources; unresolved positions remain open and capital-locked at cost; realized ROI only counts known resolved payouts.
blend,blend_wide_1.10_1.25,1.10-1.16|1.16-1.25,30,10000.0,1710,1228,1589,121,1216,373,245,971,0,0.20148026315789475,47670.0,37692.46,1212.46,22.46,11190,11212.46,12.1246,4.767,3.648,11190.0,268.9,5.8979,750.34,118968.7,Chronological ledger over best observed package cost from all retained monotonic audit sources; unresolved positions remain open and capital-locked at cost; realized ROI only counts known resolved payouts.
blend,blend_wide_1.10_1.25,1.10-1.16|1.16-1.25,40,10000.0,1710,1228,1506,204,1216,290,245,971,0,0.20148026315789475,60240.0,50256.61,1616.61,16.61,11600,11616.61,16.1661,6.024,4.864,11600.0,358.54,5.8979,1000.46,1065322.42,Chronological ledger over best observed package cost from all retained monotonic audit sources; unresolved positions remain open and capital-locked at cost; realized ROI only counts known resolved payouts.
blend,blend_wide_1.10_1.25,1.10-1.16|1.16-1.25,50,10000.0,1710,1228,1452,258,1211,241,245,966,0,0.2023121387283237,72600.0,62604.06,2054.06,4.06,12050,12054.06,20.5406,7.26,6.055,12050.0,448.17,5.8979,1271.18,10496615.19,Chronological ledger over best observed package cost from all retained monotonic audit sources; unresolved positions remain open and capital-locked at cost; realized ROI only counts known resolved payouts.
blend,blend_wide_1.10_1.25,1.10-1.16|1.16-1.25,60,10000.0,1710,1228,1374,336,1166,208,238,928,0,0.20411663807890223,82440.0,72460.22,2500.22,20.22,12480,12500.22,25.0022,8.244,6.996,12480.0,537.8,5.8979,1547.3,99513581.05,Chronological ledger over best observed package cost from all retained monotonic audit sources; unresolved positions remain open and capital-locked at cost; realized ROI only counts known resolved payouts.
blend,blend_wide_1.10_1.25,1.10-1.16|1.16-1.25,70,10000.0,1710,1228,1294,416,1114,180,225,889,0,0.20197486535008977,90580.0,80638.12,2658.12,58.12,12600,12658.12,26.5812,9.058,7.798,12600.0,617.78,5.8979,1645.01,216396116.23,Chronological ledger over best observed package cost from all retained monotonic audit sources; unresolved positions remain open and capital-locked at cost; realized ROI only counts known resolved payouts.
blend,blend_wide_1.10_1.25,1.10-1.16|1.16-1.25,80,10000.0,1710,1228,1249,461,1086,163,221,865,0,0.20349907918968693,99920.0,89950.43,3070.43,30.43,13040,13070.43,30.7043,9.992,8.688,13040.0,678.82,5.8979,1900.18,1573118010.84,Chronological ledger over best observed package cost from all retained monotonic audit sources; unresolved positions remain open and capital-locked at cost; realized ROI only counts known resolved payouts.
blend,blend_wide_1.10_1.25,1.10-1.16|1.16-1.25,90,10000.0,1710,1228,1193,517,1041,152,217,824,0,0.2084534101825168,107370.0,97408.09,3718.09,38.09,13680,13718.09,37.1809,10.737,9.369,13680.0,701.23,5.8979,2300.99,31376169577.33,Chronological ledger over best observed package cost from all retained monotonic audit sources; unresolved positions remain open and capital-locked at cost; realized ROI only counts known resolved payouts.
blend,blend_wide_1.10_1.25,1.10-1.16|1.16-1.25,100,10000.0,1710,1228,1146,564,1009,137,208,801,0,0.20614469772051536,114600.0,104690.75,3790.75,90.75,13700,13790.75,37.9075,11.46,10.09,13700.0,705.15,5.8979,2345.96,43510348294.65,Chronological ledger over best observed package cost from all retained monotonic audit sources; unresolved positions remain open and capital-locked at cost; realized ROI only counts known resolved payouts.
blend,blend_wide_1.10_1.25,1.10-1.16|1.16-1.25,150,10000.0,1710,1228,965,745,869,96,176,693,0,0.20253164556962025,144750.0,134897.24,4547.24,147.24,14400,14547.24,45.4724,14.475,13.035,14400.0,1025.53,5.8979,2814.12,huge,Chronological ledger over best observed package cost from all retained monotonic audit sources; unresolved positions remain open and capital-locked at cost; realized ROI only counts known resolved payouts.
blend,blend_wide_1.10_1.25,1.10-1.16|1.16-1.25,200,10000.0,1710,1228,904,806,827,77,165,662,0,0.19951632406287786,180800.0,170812.24,5412.24,12.24,15400,15412.24,54.1224,18.08,16.54,15400.0,1283.57,5.8979,3349.44,huge,Chronological ledger over best observed package cost from all retained monotonic audit sources; unresolved positions remain open and capital-locked at cost; realized ROI only counts known resolved payouts.
blend,blend_high_1.25_2.00,1.25-2.00,10,10000.0,2460,1588,2460,0,1588,872,867,721,0,0.5459697732997482,24600.0,16502.7,622.7,1902.7,8720,10622.7,6.227,2.46,1.588,8720.0,137.88,5.8979,385.37,4103.21,Chronological ledger over best observed package cost from all retained monotonic audit sources; unresolved positions remain open and capital-locked at cost; realized ROI only counts known resolved payouts.
blend,blend_high_1.25_2.00,1.25-2.00,20,10000.0,2460,1588,2127,333,1569,558,851,718,0,0.5423836838750796,42540.0,32544.17,1164.17,4.17,11160,11164.17,11.6417,4.254,3.138,11160.0,275.75,5.8979,720.46,91061.15,Chronological ledger over best observed package cost from all retained monotonic audit sources; unresolved positions remain open and capital-locked at cost; realized ROI only counts known resolved payouts.
blend,blend_high_1.25_2.00,1.25-2.00,30,10000.0,2460,1588,1815,645,1425,390,793,632,0,0.5564912280701755,54450.0,44453.59,1703.59,3.59,11700,11703.59,17.0359,5.445,4.275,11700.0,413.63,5.8979,1054.29,1690440.45,Chronological ledger over best observed package cost from all retained monotonic audit sources; unresolved positions remain open and capital-locked at cost; realized ROI only counts known resolved payouts.
blend,blend_high_1.25_2.00,1.25-2.00,40,10000.0,2460,1588,1646,814,1345,301,740,605,0,0.550185873605948,65840.0,55861.22,2061.22,21.22,12040,12061.22,20.6122,6.584,5.38,12040.0,551.51,5.8979,1275.62,10889648.32,Chronological ledger over best observed package cost from all retained monotonic audit sources; unresolved positions remain open and capital-locked at cost; realized ROI only counts known resolved payouts.
blend,blend_high_1.25_2.00,1.25-2.00,50,10000.0,2460,1588,1469,991,1216,253,682,534,0,0.5608552631578947,73450.0,63455.76,2655.76,5.76,12650,12655.76,26.5576,7.345,6.08,12650.0,525.48,5.8979,1643.56,213920850.35,Chronological ledger over best observed package cost from all retained monotonic audit sources; unresolved positions remain open and capital-locked at cost; realized ROI only counts known resolved payouts.
blend,blend_high_1.25_2.00,1.25-2.00,60,10000.0,2460,1588,1352,1108,1138,214,632,506,0,0.5553602811950791,81120.0,71175.64,2895.64,55.64,12840,12895.64,28.9564,8.112,6.828,12840.0,630.57,5.8979,1792.01,683768104.5,Chronological ledger over best observed package cost from all retained monotonic audit sources; unresolved positions remain open and capital-locked at cost; realized ROI only counts known resolved payouts.
blend,blend_high_1.25_2.00,1.25-2.00,70,10000.0,2460,1588,1247,1213,1054,193,595,459,0,0.5645161290322581,87290.0,77349.75,3569.75,59.75,13510,13569.75,35.6975,8.729,7.378,13510.0,718.34,5.8979,2209.19,16010165998.89,Chronological ledger over best observed package cost from all retained monotonic audit sources; unresolved positions remain open and capital-locked at cost; realized ROI only counts known resolved payouts.
blend,blend_high_1.25_2.00,1.25-2.00,80,10000.0,2460,1588,1140,1320,975,165,540,435,0,0.5538461538461539,91200.0,81200.35,3200.35,0.35,13200,13200.35,32.0035,9.12,7.8,13200.0,712.21,5.8979,1980.58,2901368019.04,Chronological ledger over best observed package cost from all retained monotonic audit sources; unresolved positions remain open and capital-locked at cost; realized ROI only counts known resolved payouts.
blend,blend_high_1.25_2.00,1.25-2.00,90,10000.0,2460,1588,1094,1366,938,156,526,412,0,0.5607675906183369,98460.0,88460.21,4040.21,0.21,14040,14040.21,40.4021,9.846,8.442,14040.0,801.24,5.8979,2500.34,huge,Chronological ledger over best observed package cost from all retained monotonic audit sources; unresolved positions remain open and capital-locked at cost; realized ROI only counts known resolved payouts.
blend,blend_high_1.25_2.00,1.25-2.00,100,10000.0,2460,1588,1016,1444,873,143,492,381,0,0.563573883161512,101600.0,91633.25,4333.25,33.25,14300,14333.25,43.3325,10.16,8.73,14300.0,890.27,5.8979,2681.69,huge,Chronological ledger over best observed package cost from all retained monotonic audit sources; unresolved positions remain open and capital-locked at cost; realized ROI only counts known resolved payouts.
blend,blend_high_1.25_2.00,1.25-2.00,150,10000.0,2460,1588,733,1727,637,96,353,284,0,0.554160125588697,109950.0,99963.81,4413.81,13.81,14400,14413.81,44.1381,10.995,9.555,14400.0,1335.4,5.8979,2731.55,huge,Chronological ledger over best observed package cost from all retained monotonic audit sources; unresolved positions remain open and capital-locked at cost; realized ROI only counts known resolved payouts.
blend,blend_high_1.25_2.00,1.25-2.00,200,10000.0,2460,1588,547,1913,473,74,263,210,0,0.5560253699788583,109400.0,99579.16,4979.16,179.16,14800,14979.16,49.7916,10.94,9.46,15000.0,1780.54,5.8979,3081.43,huge,Chronological ledger over best observed package cost from all retained monotonic audit sources; unresolved positions remain open and capital-locked at cost; realized ROI only counts known resolved payouts.
blend,blend_positive_prior_1.005_1.25,1.005-1.02|1.05-1.10|1.10-1.16|1.16-1.25,10,10000.0,3226,2306,3226,0,2306,920,325,1981,0,0.1409366869037294,32260.0,23646.8,586.8,1386.8,9200,10586.8,5.868,3.226,2.306,9200.0,128.92,5.8979,363.15,3308.8,Chronological ledger over best observed package cost from all retained monotonic audit sources; unresolved positions remain open and capital-locked at cost; realized ROI only counts known resolved payouts.
blend,blend_positive_prior_1.005_1.25,1.005-1.02|1.05-1.10|1.10-1.16|1.16-1.25,20,10000.0,3226,2306,2831,395,2276,555,319,1957,0,0.14015817223198593,56620.0,46636.22,1116.22,16.22,11100,11116.22,11.1622,5.662,4.552,11100.0,257.84,5.8979,690.79,69743.62,Chronological ledger over best observed package cost from all retained monotonic audit sources; unresolved positions remain open and capital-locked at cost; realized ROI only counts known resolved payouts.
blend,blend_positive_prior_1.005_1.25,1.005-1.02|1.05-1.10|1.10-1.16|1.16-1.25,30,10000.0,3226,2306,2405,821,2020,385,282,1738,0,0.13960396039603962,72150.0,62156.97,1556.97,6.97,11550,11556.97,15.5697,7.215,6.06,11550.0,344.39,5.8979,963.55,774677.8,Chronological ledger over best observed package cost from all retained monotonic audit sources; unresolved positions remain open and capital-locked at cost; realized ROI only counts known resolved payouts.
blend,blend_positive_prior_1.005_1.25,1.005-1.02|1.05-1.10|1.10-1.16|1.16-1.25,40,10000.0,3226,2306,2206,1020,1906,300,268,1638,0,0.14060860440713535,88240.0,78270.93,2030.93,30.93,12000,12030.93,20.3093,8.824,7.624,12000.0,390.07,5.8979,1256.86,9319703.59,Chronological ledger over best observed package cost from all retained monotonic audit sources; unresolved positions remain open and capital-locked at cost; realized ROI only counts known resolved payouts.
blend,blend_positive_prior_1.005_1.25,1.005-1.02|1.05-1.10|1.10-1.16|1.16-1.25,50,10000.0,3226,2306,2027,1199,1785,242,244,1541,0,0.13669467787114845,101350.0,91384.1,2134.1,34.1,12100,12134.1,21.341,10.135,8.925,12200.0,486.93,5.8979,1320.71,15809136.28,Chronological ledger over best observed package cost from all retained monotonic audit sources; unresolved positions remain open and capital-locked at cost; realized ROI only counts known resolved payouts.
blend,blend_positive_prior_1.005_1.25,1.005-1.02|1.05-1.10|1.10-1.16|1.16-1.25,60,10000.0,3226,2306,1816,1410,1606,210,226,1380,0,0.14072229140722292,108960.0,98962.69,2602.69,2.69,12600,12602.69,26.0269,10.896,9.636,12660.0,439.31,5.8979,1610.71,164925690.27,Chronological ledger over best observed package cost from all retained monotonic audit sources; unresolved positions remain open and capital-locked at cost; realized ROI only counts known resolved payouts.
blend,blend_positive_prior_1.005_1.25,1.005-1.02|1.05-1.10|1.10-1.16|1.16-1.25,70,10000.0,3226,2306,1670,1556,1487,183,211,1276,0,0.14189643577673167,116900.0,106940.75,2850.75,40.75,12810,12850.75,28.5075,11.69,10.409,13020.0,503.78,5.8979,1764.22,551032131.35,Chronological ledger over best observed package cost from all retained monotonic audit sources; unresolved positions remain open and capital-locked at cost; realized ROI only counts known resolved payouts.
blend,blend_positive_prior_1.005_1.25,1.005-1.02|1.05-1.10|1.10-1.16|1.16-1.25,80,10000.0,3226,2306,1537,1689,1375,162,195,1180,0,0.14181818181818182,122960.0,112974.79,2974.79,14.79,12960,12974.79,29.7479,12.296,11.0,13120.0,543.61,5.8979,1840.99,998523511.96,Chronological ledger over best observed package cost from all retained monotonic audit sources; unresolved positions remain open and capital-locked at cost; realized ROI only counts known resolved payouts.
blend,blend_positive_prior_1.005_1.25,1.005-1.02|1.05-1.10|1.10-1.16|1.16-1.25,90,10000.0,3226,2306,1411,1815,1267,144,180,1087,0,0.1420678768745067,126990.0,117050.38,3020.38,60.38,12960,13020.38,30.2038,12.699,11.403,13050.0,611.56,5.8979,1869.2,1240597237.46,Chronological ledger over best observed package cost from all retained monotonic audit sources; unresolved positions remain open and capital-locked at cost; realized ROI only counts known resolved payouts.
blend,blend_positive_prior_1.005_1.25,1.005-1.02|1.05-1.10|1.10-1.16|1.16-1.25,100,10000.0,3226,2306,1306,1920,1178,128,164,1014,0,0.13921901528013583,130600.0,120642.68,2842.68,42.68,12800,12842.68,28.4268,13.06,11.78,13000.0,679.51,5.8979,1759.23,530027130.16,Chronological ledger over best observed package cost from all retained monotonic audit sources; unresolved positions remain open and capital-locked at cost; realized ROI only counts known resolved payouts.
blend,blend_positive_prior_1.005_1.25,1.005-1.02|1.05-1.10|1.10-1.16|1.16-1.25,150,10000.0,3226,2306,1049,2177,956,93,139,817,0,0.14539748953974896,157350.0,147416.34,4016.34,66.34,13950,14016.34,40.1634,15.735,14.34,14100.0,1188.15,5.8979,2485.56,huge,Chronological ledger over best observed package cost from all retained monotonic audit sources; unresolved positions remain open and capital-locked at cost; realized ROI only counts known resolved payouts.
blend,blend_positive_prior_1.005_1.25,1.005-1.02|1.05-1.10|1.10-1.16|1.16-1.25,200,10000.0,3226,2306,809,2417,741,68,107,634,0,0.14439946018893388,161800.0,151996.15,3796.15,196.15,13600,13796.15,37.9615,16.18,14.82,13800.0,1758.24,5.8979,2349.3,44575258613.38,Chronological ledger over best observed package cost from all retained monotonic audit sources; unresolved positions remain open and capital-locked at cost; realized ROI only counts known resolved payouts.
