scenario_type,scenario,eligible_buckets,bet_size,starting_bankroll,tracked_candidates,resolved_candidates,trades_entered,trades_skipped_capital,realized_trades,open_trades,middles,floors,zeros,middle_rate_realized,gross_staked,realized_payout,realized_profit,final_cash,open_capital_at_cost,final_equity_mark_cost,realized_roi_pct,gross_turnover_x,realized_turnover_x,max_capital_locked,max_drawdown_mark_cost,elapsed_days,annualized_realized_return_pct,notes
bucket,<1.000,<1.000,10,10000.0,0,0,0,0,0,0,0,0,0,,0.0,0.0,0.0,10000.0,0,10000.0,0.0,0.0,0.0,0.0,0.0,0.0,,Chronological ledger over deduped shadow_would_submit packages; unresolved positions remain open and capital-locked at cost; realized ROI only counts known resolved payouts.
bucket,<1.000,<1.000,20,10000.0,0,0,0,0,0,0,0,0,0,,0.0,0.0,0.0,10000.0,0,10000.0,0.0,0.0,0.0,0.0,0.0,0.0,,Chronological ledger over deduped shadow_would_submit packages; unresolved positions remain open and capital-locked at cost; realized ROI only counts known resolved payouts.
bucket,<1.000,<1.000,30,10000.0,0,0,0,0,0,0,0,0,0,,0.0,0.0,0.0,10000.0,0,10000.0,0.0,0.0,0.0,0.0,0.0,0.0,,Chronological ledger over deduped shadow_would_submit packages; unresolved positions remain open and capital-locked at cost; realized ROI only counts known resolved payouts.
bucket,<1.000,<1.000,40,10000.0,0,0,0,0,0,0,0,0,0,,0.0,0.0,0.0,10000.0,0,10000.0,0.0,0.0,0.0,0.0,0.0,0.0,,Chronological ledger over deduped shadow_would_submit packages; unresolved positions remain open and capital-locked at cost; realized ROI only counts known resolved payouts.
bucket,<1.000,<1.000,50,10000.0,0,0,0,0,0,0,0,0,0,,0.0,0.0,0.0,10000.0,0,10000.0,0.0,0.0,0.0,0.0,0.0,0.0,,Chronological ledger over deduped shadow_would_submit packages; unresolved positions remain open and capital-locked at cost; realized ROI only counts known resolved payouts.
bucket,<1.000,<1.000,60,10000.0,0,0,0,0,0,0,0,0,0,,0.0,0.0,0.0,10000.0,0,10000.0,0.0,0.0,0.0,0.0,0.0,0.0,,Chronological ledger over deduped shadow_would_submit packages; unresolved positions remain open and capital-locked at cost; realized ROI only counts known resolved payouts.
bucket,<1.000,<1.000,70,10000.0,0,0,0,0,0,0,0,0,0,,0.0,0.0,0.0,10000.0,0,10000.0,0.0,0.0,0.0,0.0,0.0,0.0,,Chronological ledger over deduped shadow_would_submit packages; unresolved positions remain open and capital-locked at cost; realized ROI only counts known resolved payouts.
bucket,<1.000,<1.000,80,10000.0,0,0,0,0,0,0,0,0,0,,0.0,0.0,0.0,10000.0,0,10000.0,0.0,0.0,0.0,0.0,0.0,0.0,,Chronological ledger over deduped shadow_would_submit packages; unresolved positions remain open and capital-locked at cost; realized ROI only counts known resolved payouts.
bucket,<1.000,<1.000,90,10000.0,0,0,0,0,0,0,0,0,0,,0.0,0.0,0.0,10000.0,0,10000.0,0.0,0.0,0.0,0.0,0.0,0.0,,Chronological ledger over deduped shadow_would_submit packages; unresolved positions remain open and capital-locked at cost; realized ROI only counts known resolved payouts.
bucket,<1.000,<1.000,100,10000.0,0,0,0,0,0,0,0,0,0,,0.0,0.0,0.0,10000.0,0,10000.0,0.0,0.0,0.0,0.0,0.0,0.0,,Chronological ledger over deduped shadow_would_submit packages; unresolved positions remain open and capital-locked at cost; realized ROI only counts known resolved payouts.
bucket,<1.000,<1.000,150,10000.0,0,0,0,0,0,0,0,0,0,,0.0,0.0,0.0,10000.0,0,10000.0,0.0,0.0,0.0,0.0,0.0,0.0,,Chronological ledger over deduped shadow_would_submit packages; unresolved positions remain open and capital-locked at cost; realized ROI only counts known resolved payouts.
bucket,<1.000,<1.000,200,10000.0,0,0,0,0,0,0,0,0,0,,0.0,0.0,0.0,10000.0,0,10000.0,0.0,0.0,0.0,0.0,0.0,0.0,,Chronological ledger over deduped shadow_would_submit packages; unresolved positions remain open and capital-locked at cost; realized ROI only counts known resolved payouts.
bucket,1.000-1.005,1.000-1.005,10,10000.0,1,1,1,0,1,0,0,1,0,0.0,10.0,10.0,0.0,10000.0,0,10000.0,0.0,0.001,0.001,10.0,0.0,0.7592,0.0,Chronological ledger over deduped shadow_would_submit packages; unresolved positions remain open and capital-locked at cost; realized ROI only counts known resolved payouts.
bucket,1.000-1.005,1.000-1.005,20,10000.0,1,1,1,0,1,0,0,1,0,0.0,20.0,20.0,0.0,10000.0,0,10000.0,0.0,0.002,0.002,20.0,0.0,0.7592,0.0,Chronological ledger over deduped shadow_would_submit packages; unresolved positions remain open and capital-locked at cost; realized ROI only counts known resolved payouts.
bucket,1.000-1.005,1.000-1.005,30,10000.0,1,1,1,0,1,0,0,1,0,0.0,30.0,30.0,0.0,10000.0,0,10000.0,0.0,0.003,0.003,30.0,0.0,0.7592,0.0,Chronological ledger over deduped shadow_would_submit packages; unresolved positions remain open and capital-locked at cost; realized ROI only counts known resolved payouts.
bucket,1.000-1.005,1.000-1.005,40,10000.0,1,1,1,0,1,0,0,1,0,0.0,40.0,40.0,0.0,10000.0,0,10000.0,0.0,0.004,0.004,40.0,0.0,0.7592,0.0,Chronological ledger over deduped shadow_would_submit packages; unresolved positions remain open and capital-locked at cost; realized ROI only counts known resolved payouts.
bucket,1.000-1.005,1.000-1.005,50,10000.0,1,1,1,0,1,0,0,1,0,0.0,50.0,50.0,0.0,10000.0,0,10000.0,0.0,0.005,0.005,50.0,0.0,0.7592,0.0,Chronological ledger over deduped shadow_would_submit packages; unresolved positions remain open and capital-locked at cost; realized ROI only counts known resolved payouts.
bucket,1.000-1.005,1.000-1.005,60,10000.0,1,1,1,0,1,0,0,1,0,0.0,60.0,60.0,0.0,10000.0,0,10000.0,0.0,0.006,0.006,60.0,0.0,0.7592,0.0,Chronological ledger over deduped shadow_would_submit packages; unresolved positions remain open and capital-locked at cost; realized ROI only counts known resolved payouts.
bucket,1.000-1.005,1.000-1.005,70,10000.0,1,1,1,0,1,0,0,1,0,0.0,70.0,70.0,0.0,10000.0,0,10000.0,0.0,0.007,0.007,70.0,0.0,0.7592,0.0,Chronological ledger over deduped shadow_would_submit packages; unresolved positions remain open and capital-locked at cost; realized ROI only counts known resolved payouts.
bucket,1.000-1.005,1.000-1.005,80,10000.0,1,1,1,0,1,0,0,1,0,0.0,80.0,80.0,0.0,10000.0,0,10000.0,0.0,0.008,0.008,80.0,0.0,0.7592,0.0,Chronological ledger over deduped shadow_would_submit packages; unresolved positions remain open and capital-locked at cost; realized ROI only counts known resolved payouts.
bucket,1.000-1.005,1.000-1.005,90,10000.0,1,1,1,0,1,0,0,1,0,0.0,90.0,90.0,0.0,10000.0,0,10000.0,0.0,0.009,0.009,90.0,0.0,0.7592,0.0,Chronological ledger over deduped shadow_would_submit packages; unresolved positions remain open and capital-locked at cost; realized ROI only counts known resolved payouts.
bucket,1.000-1.005,1.000-1.005,100,10000.0,1,1,1,0,1,0,0,1,0,0.0,100.0,100.0,0.0,10000.0,0,10000.0,0.0,0.01,0.01,100.0,0.0,0.7592,0.0,Chronological ledger over deduped shadow_would_submit packages; unresolved positions remain open and capital-locked at cost; realized ROI only counts known resolved payouts.
bucket,1.000-1.005,1.000-1.005,150,10000.0,1,1,1,0,1,0,0,1,0,0.0,150.0,150.0,0.0,10000.0,0,10000.0,0.0,0.015,0.015,150.0,0.0,0.7592,0.0,Chronological ledger over deduped shadow_would_submit packages; unresolved positions remain open and capital-locked at cost; realized ROI only counts known resolved payouts.
bucket,1.000-1.005,1.000-1.005,200,10000.0,1,1,1,0,1,0,0,1,0,0.0,200.0,200.0,0.0,10000.0,0,10000.0,0.0,0.02,0.02,200.0,0.0,0.7592,0.0,Chronological ledger over deduped shadow_would_submit packages; unresolved positions remain open and capital-locked at cost; realized ROI only counts known resolved payouts.
bucket,1.005-1.02,1.005-1.02,10,10000.0,27,4,27,0,4,23,0,4,0,0.0,270.0,39.5,-0.5,9769.5,230,9999.5,-0.005,0.027,0.004,230.0,0.5,0.7632,-2.38,Chronological ledger over deduped shadow_would_submit packages; unresolved positions remain open and capital-locked at cost; realized ROI only counts known resolved payouts.
bucket,1.005-1.02,1.005-1.02,20,10000.0,27,4,27,0,4,23,0,4,0,0.0,540.0,78.99,-1.01,9538.99,460,9998.99,-0.0101,0.054,0.008,460.0,1.01,0.7632,-4.69,Chronological ledger over deduped shadow_would_submit packages; unresolved positions remain open and capital-locked at cost; realized ROI only counts known resolved payouts.
bucket,1.005-1.02,1.005-1.02,30,10000.0,27,4,27,0,4,23,0,4,0,0.0,810.0,118.49,-1.51,9308.49,690,9998.49,-0.0151,0.081,0.012,690.0,1.51,0.7632,-6.96,Chronological ledger over deduped shadow_would_submit packages; unresolved positions remain open and capital-locked at cost; realized ROI only counts known resolved payouts.
bucket,1.005-1.02,1.005-1.02,40,10000.0,27,4,27,0,4,23,0,4,0,0.0,1080.0,157.99,-2.01,9077.99,920,9997.99,-0.0201,0.108,0.016,920.0,2.01,0.7632,-9.17,Chronological ledger over deduped shadow_would_submit packages; unresolved positions remain open and capital-locked at cost; realized ROI only counts known resolved payouts.
bucket,1.005-1.02,1.005-1.02,50,10000.0,27,4,27,0,4,23,0,4,0,0.0,1350.0,197.49,-2.51,8847.49,1150,9997.49,-0.0251,0.135,0.02,1150.0,2.51,0.7632,-11.33,Chronological ledger over deduped shadow_would_submit packages; unresolved positions remain open and capital-locked at cost; realized ROI only counts known resolved payouts.
bucket,1.005-1.02,1.005-1.02,60,10000.0,27,4,27,0,4,23,0,4,0,0.0,1620.0,236.98,-3.02,8616.98,1380,9996.98,-0.0302,0.162,0.024,1380.0,3.02,0.7632,-13.43,Chronological ledger over deduped shadow_would_submit packages; unresolved positions remain open and capital-locked at cost; realized ROI only counts known resolved payouts.
bucket,1.005-1.02,1.005-1.02,70,10000.0,27,4,27,0,4,23,0,4,0,0.0,1890.0,276.48,-3.52,8386.48,1610,9996.48,-0.0352,0.189,0.028,1610.0,3.52,0.7632,-15.49,Chronological ledger over deduped shadow_would_submit packages; unresolved positions remain open and capital-locked at cost; realized ROI only counts known resolved payouts.
bucket,1.005-1.02,1.005-1.02,80,10000.0,27,4,27,0,4,23,0,4,0,0.0,2160.0,315.98,-4.02,8155.98,1840,9995.98,-0.0402,0.216,0.032,1840.0,4.02,0.7632,-17.5,Chronological ledger over deduped shadow_would_submit packages; unresolved positions remain open and capital-locked at cost; realized ROI only counts known resolved payouts.
bucket,1.005-1.02,1.005-1.02,90,10000.0,27,4,27,0,4,23,0,4,0,0.0,2430.0,355.48,-4.52,7925.48,2070,9995.48,-0.0452,0.243,0.036,2070.0,4.52,0.7632,-19.46,Chronological ledger over deduped shadow_would_submit packages; unresolved positions remain open and capital-locked at cost; realized ROI only counts known resolved payouts.
bucket,1.005-1.02,1.005-1.02,100,10000.0,27,4,27,0,4,23,0,4,0,0.0,2700.0,394.97,-5.03,7694.97,2300,9994.97,-0.0503,0.27,0.04,2300.0,5.03,0.7632,-21.37,Chronological ledger over deduped shadow_would_submit packages; unresolved positions remain open and capital-locked at cost; realized ROI only counts known resolved payouts.
bucket,1.005-1.02,1.005-1.02,150,10000.0,27,4,27,0,4,23,0,4,0,0.0,4050.0,592.46,-7.54,6542.46,3450,9992.46,-0.0754,0.405,0.06,3450.0,7.54,0.7632,-30.28,Chronological ledger over deduped shadow_would_submit packages; unresolved positions remain open and capital-locked at cost; realized ROI only counts known resolved payouts.
bucket,1.005-1.02,1.005-1.02,200,10000.0,27,4,27,0,4,23,0,4,0,0.0,5400.0,789.95,-10.05,5389.95,4600,9989.95,-0.1005,0.54,0.08,4600.0,10.05,0.7632,-38.19,Chronological ledger over deduped shadow_would_submit packages; unresolved positions remain open and capital-locked at cost; realized ROI only counts known resolved payouts.
bucket,1.02-1.05,1.02-1.05,10,10000.0,99,14,99,0,14,85,1,13,0,0.07142857142857142,990.0,144.84,4.84,9154.84,850,10004.84,0.0484,0.099,0.014,850.0,1.05,0.7633,26.04,Chronological ledger over deduped shadow_would_submit packages; unresolved positions remain open and capital-locked at cost; realized ROI only counts known resolved payouts.
bucket,1.02-1.05,1.02-1.05,20,10000.0,99,14,99,0,14,85,1,13,0,0.07142857142857142,1980.0,289.68,9.68,8309.68,1700,10009.68,0.0968,0.198,0.028,1700.0,2.1,0.7633,58.83,Chronological ledger over deduped shadow_would_submit packages; unresolved positions remain open and capital-locked at cost; realized ROI only counts known resolved payouts.
bucket,1.02-1.05,1.02-1.05,30,10000.0,99,14,99,0,14,85,1,13,0,0.07142857142857142,2970.0,434.52,14.52,7464.52,2550,10014.52,0.1452,0.297,0.042,2550.0,3.16,0.7633,100.14,Chronological ledger over deduped shadow_would_submit packages; unresolved positions remain open and capital-locked at cost; realized ROI only counts known resolved payouts.
bucket,1.02-1.05,1.02-1.05,40,10000.0,99,14,99,0,14,85,1,13,0,0.07142857142857142,3960.0,579.36,19.36,6619.36,3400,10019.36,0.1936,0.396,0.056,3400.0,4.21,0.7633,152.17,Chronological ledger over deduped shadow_would_submit packages; unresolved positions remain open and capital-locked at cost; realized ROI only counts known resolved payouts.
bucket,1.02-1.05,1.02-1.05,50,10000.0,99,14,99,0,14,85,1,13,0,0.07142857142857142,4950.0,724.2,24.2,5774.2,4250,10024.2,0.242,0.495,0.07,4250.0,5.26,0.7633,217.68,Chronological ledger over deduped shadow_would_submit packages; unresolved positions remain open and capital-locked at cost; realized ROI only counts known resolved payouts.
bucket,1.02-1.05,1.02-1.05,60,10000.0,99,14,99,0,14,85,1,13,0,0.07142857142857142,5940.0,869.04,29.04,4929.04,5100,10029.04,0.2904,0.594,0.084,5100.0,6.31,0.7633,300.17,Chronological ledger over deduped shadow_would_submit packages; unresolved positions remain open and capital-locked at cost; realized ROI only counts known resolved payouts.
bucket,1.02-1.05,1.02-1.05,70,10000.0,99,14,99,0,14,85,1,13,0,0.07142857142857142,6930.0,1013.88,33.88,4083.88,5950,10033.88,0.3388,0.693,0.098,5950.0,7.36,0.7633,404.02,Chronological ledger over deduped shadow_would_submit packages; unresolved positions remain open and capital-locked at cost; realized ROI only counts known resolved payouts.
bucket,1.02-1.05,1.02-1.05,80,10000.0,99,14,99,0,14,85,1,13,0,0.07142857142857142,7920.0,1158.72,38.72,3238.72,6800,10038.72,0.3872,0.792,0.112,6800.0,8.41,0.7633,534.76,Chronological ledger over deduped shadow_would_submit packages; unresolved positions remain open and capital-locked at cost; realized ROI only counts known resolved payouts.
bucket,1.02-1.05,1.02-1.05,90,10000.0,99,14,99,0,14,85,1,13,0,0.07142857142857142,8910.0,1303.56,43.56,2393.56,7650,10043.56,0.4356,0.891,0.126,7650.0,9.47,0.7633,699.31,Chronological ledger over deduped shadow_would_submit packages; unresolved positions remain open and capital-locked at cost; realized ROI only counts known resolved payouts.
bucket,1.02-1.05,1.02-1.05,100,10000.0,99,14,99,0,14,85,1,13,0,0.07142857142857142,9900.0,1448.4,48.4,1548.4,8500,10048.4,0.484,0.99,0.14,8500.0,10.52,0.7633,906.41,Chronological ledger over deduped shadow_would_submit packages; unresolved positions remain open and capital-locked at cost; realized ROI only counts known resolved payouts.
bucket,1.02-1.05,1.02-1.05,150,10000.0,99,14,81,18,14,67,1,13,0,0.07142857142857142,12150.0,2172.6,72.6,22.6,10050,10072.6,0.726,1.215,0.21,10050.0,15.78,0.7633,3079.45,Chronological ledger over deduped shadow_would_submit packages; unresolved positions remain open and capital-locked at cost; realized ROI only counts known resolved payouts.
bucket,1.02-1.05,1.02-1.05,200,10000.0,99,14,62,37,12,50,1,11,0,0.08333333333333333,12400.0,2506.75,106.75,106.75,10000,10106.75,1.0675,1.24,0.24,10000.0,21.03,0.7633,15939.83,Chronological ledger over deduped shadow_would_submit packages; unresolved positions remain open and capital-locked at cost; realized ROI only counts known resolved payouts.
bucket,1.05-1.10,1.05-1.10,10,10000.0,155,8,155,0,8,147,1,7,0,0.125,1550.0,84.81,4.81,8534.81,1470,10004.81,0.0481,0.155,0.008,1470.0,4.24,0.7571,26.1,Chronological ledger over deduped shadow_would_submit packages; unresolved positions remain open and capital-locked at cost; realized ROI only counts known resolved payouts.
bucket,1.05-1.10,1.05-1.10,20,10000.0,155,8,155,0,8,147,1,7,0,0.125,3100.0,169.62,9.62,7069.62,2940,10009.62,0.0962,0.31,0.016,2940.0,8.47,0.7571,58.99,Chronological ledger over deduped shadow_would_submit packages; unresolved positions remain open and capital-locked at cost; realized ROI only counts known resolved payouts.
bucket,1.05-1.10,1.05-1.10,30,10000.0,155,8,155,0,8,147,1,7,0,0.125,4650.0,254.43,14.43,5604.43,4410,10014.43,0.1443,0.465,0.024,4410.0,12.71,0.7571,100.44,Chronological ledger over deduped shadow_would_submit packages; unresolved positions remain open and capital-locked at cost; realized ROI only counts known resolved payouts.
bucket,1.05-1.10,1.05-1.10,40,10000.0,155,8,155,0,8,147,1,7,0,0.125,6200.0,339.24,19.24,4139.24,5880,10019.24,0.1924,0.62,0.032,5880.0,16.95,0.7571,152.67,Chronological ledger over deduped shadow_would_submit packages; unresolved positions remain open and capital-locked at cost; realized ROI only counts known resolved payouts.
bucket,1.05-1.10,1.05-1.10,50,10000.0,155,8,155,0,8,147,1,7,0,0.125,7750.0,424.05,24.05,2674.05,7350,10024.05,0.2405,0.775,0.04,7350.0,21.18,0.7571,218.47,Chronological ledger over deduped shadow_would_submit packages; unresolved positions remain open and capital-locked at cost; realized ROI only counts known resolved payouts.
bucket,1.05-1.10,1.05-1.10,60,10000.0,155,8,155,0,8,147,1,7,0,0.125,9300.0,508.87,28.87,1208.87,8820,10028.87,0.2887,0.93,0.048,8820.0,25.42,0.7571,301.36,Chronological ledger over deduped shadow_would_submit packages; unresolved positions remain open and capital-locked at cost; realized ROI only counts known resolved payouts.
bucket,1.05-1.10,1.05-1.10,70,10000.0,155,8,151,4,8,143,1,7,0,0.125,10570.0,593.68,33.68,23.68,10010,10033.68,0.3368,1.057,0.056,10010.0,29.66,0.7571,405.77,Chronological ledger over deduped shadow_would_submit packages; unresolved positions remain open and capital-locked at cost; realized ROI only counts known resolved payouts.
bucket,1.05-1.10,1.05-1.10,80,10000.0,155,8,133,22,8,125,1,7,0,0.125,10640.0,678.49,38.49,38.49,10000,10038.49,0.3849,1.064,0.064,10000.0,33.89,0.7571,537.27,Chronological ledger over deduped shadow_would_submit packages; unresolved positions remain open and capital-locked at cost; realized ROI only counts known resolved payouts.
bucket,1.05-1.10,1.05-1.10,90,10000.0,155,8,118,37,7,111,1,6,0,0.14285714285714285,10620.0,678.23,48.23,58.23,9990,10048.23,0.4823,1.062,0.063,9990.0,33.2,0.7571,917.39,Chronological ledger over deduped shadow_would_submit packages; unresolved positions remain open and capital-locked at cost; realized ROI only counts known resolved payouts.
bucket,1.05-1.10,1.05-1.10,100,10000.0,155,8,107,48,7,100,1,6,0,0.14285714285714285,10700.0,753.59,53.59,53.59,10000,10053.59,0.5359,1.07,0.07,10000.0,36.89,0.7571,1215.62,Chronological ledger over deduped shadow_would_submit packages; unresolved positions remain open and capital-locked at cost; realized ROI only counts known resolved payouts.
bucket,1.05-1.10,1.05-1.10,150,10000.0,155,8,70,85,3,67,1,2,0,0.3333333333333333,10500.0,571.43,121.43,71.43,10050,10121.43,1.2143,1.05,0.045,10050.0,14.29,0.7571,33570.12,Chronological ledger over deduped shadow_would_submit packages; unresolved positions remain open and capital-locked at cost; realized ROI only counts known resolved payouts.
bucket,1.05-1.10,1.05-1.10,200,10000.0,155,8,53,102,3,50,1,2,0,0.3333333333333333,10600.0,761.9,161.9,161.9,10000,10161.9,1.619,1.06,0.06,10000.0,19.05,0.7571,230535.57,Chronological ledger over deduped shadow_would_submit packages; unresolved positions remain open and capital-locked at cost; realized ROI only counts known resolved payouts.
bucket,1.10-1.16,1.10-1.16,10,10000.0,207,6,207,0,6,201,2,4,0,0.3333333333333333,2070.0,70.48,10.48,8000.48,2010,10010.48,0.1048,0.207,0.006,2010.0,2.13,0.2284,433.07,Chronological ledger over deduped shadow_would_submit packages; unresolved positions remain open and capital-locked at cost; realized ROI only counts known resolved payouts.
bucket,1.10-1.16,1.10-1.16,20,10000.0,207,6,207,0,6,201,2,4,0,0.3333333333333333,4140.0,140.96,20.96,6000.96,4020,10020.96,0.2096,0.414,0.012,4020.0,4.25,0.2284,2736.71,Chronological ledger over deduped shadow_would_submit packages; unresolved positions remain open and capital-locked at cost; realized ROI only counts known resolved payouts.
bucket,1.10-1.16,1.10-1.16,30,10000.0,207,6,207,0,6,201,2,4,0,0.3333333333333333,6210.0,211.43,31.43,4001.43,6030,10031.43,0.3143,0.621,0.018,6030.0,6.38,0.2284,14968.97,Chronological ledger over deduped shadow_would_submit packages; unresolved positions remain open and capital-locked at cost; realized ROI only counts known resolved payouts.
bucket,1.10-1.16,1.10-1.16,40,10000.0,207,6,207,0,6,201,2,4,0,0.3333333333333333,8280.0,281.91,41.91,2001.91,8040,10041.91,0.4191,0.828,0.024,8040.0,8.5,0.2284,79808.88,Chronological ledger over deduped shadow_would_submit packages; unresolved positions remain open and capital-locked at cost; realized ROI only counts known resolved payouts.
bucket,1.10-1.16,1.10-1.16,50,10000.0,207,6,207,0,6,201,2,4,0,0.3333333333333333,10350.0,352.39,52.39,2.39,10050,10052.39,0.5239,1.035,0.03,10050.0,10.63,0.2284,422910.35,Chronological ledger over deduped shadow_would_submit packages; unresolved positions remain open and capital-locked at cost; realized ROI only counts known resolved payouts.
bucket,1.10-1.16,1.10-1.16,60,10000.0,207,6,173,34,6,167,2,4,0,0.3333333333333333,10380.0,422.87,62.87,42.87,10020,10062.87,0.6287,1.038,0.036,10020.0,12.75,0.2284,2235288.26,Chronological ledger over deduped shadow_would_submit packages; unresolved positions remain open and capital-locked at cost; realized ROI only counts known resolved payouts.
bucket,1.10-1.16,1.10-1.16,70,10000.0,207,6,149,58,6,143,2,4,0,0.3333333333333333,10430.0,493.34,73.34,63.34,10010,10073.34,0.7334,1.043,0.042,10010.0,14.88,0.2284,11792308.88,Chronological ledger over deduped shadow_would_submit packages; unresolved positions remain open and capital-locked at cost; realized ROI only counts known resolved payouts.
bucket,1.10-1.16,1.10-1.16,80,10000.0,207,6,131,76,5,126,2,3,0,0.4,10480.0,494.74,94.74,14.74,10080,10094.74,0.9474,1.048,0.04,10080.0,17.0,0.2284,349907060.72,Chronological ledger over deduped shadow_would_submit packages; unresolved positions remain open and capital-locked at cost; realized ROI only counts known resolved payouts.
bucket,1.10-1.16,1.10-1.16,90,10000.0,207,6,117,90,5,112,2,3,0,0.4,10530.0,556.58,106.58,26.58,10080,10106.58,1.0658,1.053,0.045,10080.0,19.13,0.2284,2278376142.41,Chronological ledger over deduped shadow_would_submit packages; unresolved positions remain open and capital-locked at cost; realized ROI only counts known resolved payouts.
bucket,1.10-1.16,1.10-1.16,100,10000.0,207,6,106,101,5,101,2,3,0,0.4,10600.0,618.42,118.42,18.42,10100,10118.42,1.1842,1.06,0.05,10100.0,21.25,0.2284,14802846124.06,Chronological ledger over deduped shadow_would_submit packages; unresolved positions remain open and capital-locked at cost; realized ROI only counts known resolved payouts.
bucket,1.10-1.16,1.10-1.16,150,10000.0,207,6,72,135,5,67,2,3,0,0.4,10800.0,927.63,177.63,127.63,10050,10177.63,1.7763,1.08,0.075,10050.0,31.88,0.2284,165855338470202.66,Chronological ledger over deduped shadow_would_submit packages; unresolved positions remain open and capital-locked at cost; realized ROI only counts known resolved payouts.
bucket,1.10-1.16,1.10-1.16,200,10000.0,207,6,55,152,4,51,2,2,0,0.5,11000.0,1056.5,256.5,56.5,10200,10256.5,2.565,1.1,0.08,10200.0,42.51,0.2284,3.7761837902266474e+19,Chronological ledger over deduped shadow_would_submit packages; unresolved positions remain open and capital-locked at cost; realized ROI only counts known resolved payouts.
bucket,1.16-1.25,1.16-1.25,10,10000.0,237,8,237,0,8,229,3,5,0,0.375,2370.0,90.79,10.79,7720.79,2290,10010.79,0.1079,0.237,0.008,2290.0,0.0,0.2284,460.1,Chronological ledger over deduped shadow_would_submit packages; unresolved positions remain open and capital-locked at cost; realized ROI only counts known resolved payouts.
bucket,1.16-1.25,1.16-1.25,20,10000.0,237,8,237,0,8,229,3,5,0,0.375,4740.0,181.58,21.58,5441.58,4580,10021.58,0.2158,0.474,0.016,4580.0,0.0,0.2284,3031.33,Chronological ledger over deduped shadow_would_submit packages; unresolved positions remain open and capital-locked at cost; realized ROI only counts known resolved payouts.
bucket,1.16-1.25,1.16-1.25,30,10000.0,237,8,237,0,8,229,3,5,0,0.375,7110.0,272.36,32.36,3162.36,6870,10032.36,0.3236,0.711,0.024,6870.0,0.0,0.2284,17373.78,Chronological ledger over deduped shadow_would_submit packages; unresolved positions remain open and capital-locked at cost; realized ROI only counts known resolved payouts.
bucket,1.16-1.25,1.16-1.25,40,10000.0,237,8,237,0,8,229,3,5,0,0.375,9480.0,363.15,43.15,883.15,9160,10043.15,0.4315,0.948,0.032,9160.0,0.0,0.2284,97228.97,Chronological ledger over deduped shadow_would_submit packages; unresolved positions remain open and capital-locked at cost; realized ROI only counts known resolved payouts.
bucket,1.16-1.25,1.16-1.25,50,10000.0,237,8,209,28,8,201,3,5,0,0.375,10450.0,453.94,53.94,3.94,10050,10053.94,0.5394,1.045,0.04,10050.0,0.0,0.2284,541023.73,Chronological ledger over deduped shadow_would_submit packages; unresolved positions remain open and capital-locked at cost; realized ROI only counts known resolved payouts.
bucket,1.16-1.25,1.16-1.25,60,10000.0,237,8,174,63,6,168,3,3,0,0.5,10440.0,444.46,84.46,4.46,10080,10084.46,0.8446,1.044,0.036,10080.0,0.0,0.2284,68664908.05,Chronological ledger over deduped shadow_would_submit packages; unresolved positions remain open and capital-locked at cost; realized ROI only counts known resolved payouts.
bucket,1.16-1.25,1.16-1.25,70,10000.0,237,8,150,87,6,144,3,3,0,0.5,10500.0,518.53,98.53,18.53,10080,10098.53,0.9853,1.05,0.042,10080.0,0.0,0.2284,637925617.85,Chronological ledger over deduped shadow_would_submit packages; unresolved positions remain open and capital-locked at cost; realized ROI only counts known resolved payouts.
bucket,1.16-1.25,1.16-1.25,80,10000.0,237,8,131,106,5,126,3,2,0,0.6,10480.0,528.56,128.56,48.56,10080,10128.56,1.2856,1.048,0.04,10080.0,0.0,0.2284,73305930962.29,Chronological ledger over deduped shadow_would_submit packages; unresolved positions remain open and capital-locked at cost; realized ROI only counts known resolved payouts.
bucket,1.16-1.25,1.16-1.25,90,10000.0,237,8,117,120,5,112,3,2,0,0.6,10530.0,594.63,144.63,64.63,10080,10144.63,1.4463,1.053,0.045,10080.0,0.0,0.2284,923339615367.44,Chronological ledger over deduped shadow_would_submit packages; unresolved positions remain open and capital-locked at cost; realized ROI only counts known resolved payouts.
bucket,1.16-1.25,1.16-1.25,100,10000.0,237,8,102,135,2,100,1,1,0,0.5,10200.0,242.84,42.84,42.84,10000,10042.84,0.4284,1.02,0.02,10000.0,0.0,0.2284,92559.9,Chronological ledger over deduped shadow_would_submit packages; unresolved positions remain open and capital-locked at cost; realized ROI only counts known resolved payouts.
bucket,1.16-1.25,1.16-1.25,150,10000.0,237,8,68,169,1,67,1,0,0,1.0,10200.0,240.19,90.19,40.19,10050,10090.19,0.9019,1.02,0.015,10050.0,0.0,0.2284,170382684.77,Chronological ledger over deduped shadow_would_submit packages; unresolved positions remain open and capital-locked at cost; realized ROI only counts known resolved payouts.
bucket,1.16-1.25,1.16-1.25,200,10000.0,237,8,51,186,1,50,1,0,0,1.0,10200.0,320.26,120.26,120.26,10000,10120.26,1.2026,1.02,0.02,10000.0,0.0,0.2284,19778614061.16,Chronological ledger over deduped shadow_would_submit packages; unresolved positions remain open and capital-locked at cost; realized ROI only counts known resolved payouts.
bucket,1.25-2.00,1.25-2.00,10,10000.0,751,30,751,0,30,721,23,7,0,0.7666666666666667,7510.0,341.3,41.3,2831.3,7210,10041.3,0.413,0.751,0.03,7210.0,0.0,0.2284,72363.26,Chronological ledger over deduped shadow_would_submit packages; unresolved positions remain open and capital-locked at cost; realized ROI only counts known resolved payouts.
bucket,1.25-2.00,1.25-2.00,20,10000.0,751,30,528,223,24,504,19,5,0,0.7916666666666666,10560.0,561.26,81.26,1.26,10080,10081.26,0.8126,1.056,0.048,10080.0,0.0,0.2284,41385610.89,Chronological ledger over deduped shadow_would_submit packages; unresolved positions remain open and capital-locked at cost; realized ROI only counts known resolved payouts.
bucket,1.25-2.00,1.25-2.00,30,10000.0,751,30,353,398,17,336,14,3,0,0.8235294117647058,10590.0,592.05,82.05,2.05,10080,10082.05,0.8205,1.059,0.051,10080.0,0.0,0.2284,46895029.74,Chronological ledger over deduped shadow_would_submit packages; unresolved positions remain open and capital-locked at cost; realized ROI only counts known resolved payouts.
bucket,1.25-2.00,1.25-2.00,40,10000.0,751,30,263,488,12,251,10,2,0,0.8333333333333334,10520.0,558.41,78.41,38.41,10040,10078.41,0.7841,1.052,0.048,10040.0,0.0,0.2284,26336172.44,Chronological ledger over deduped shadow_would_submit packages; unresolved positions remain open and capital-locked at cost; realized ROI only counts known resolved payouts.
bucket,1.25-2.00,1.25-2.00,50,10000.0,751,30,210,541,9,201,7,2,0,0.7777777777777778,10500.0,529.26,79.26,29.26,10050,10079.26,0.7926,1.05,0.045,10050.0,0.0,0.2284,30156487.74,Chronological ledger over deduped shadow_would_submit packages; unresolved positions remain open and capital-locked at cost; realized ROI only counts known resolved payouts.
bucket,1.25-2.00,1.25-2.00,60,10000.0,751,30,171,580,4,167,3,1,0,0.75,10260.0,281.56,41.56,21.56,10020,10041.56,0.4156,1.026,0.024,10020.0,0.0,0.2284,75446.28,Chronological ledger over deduped shadow_would_submit packages; unresolved positions remain open and capital-locked at cost; realized ROI only counts known resolved payouts.
bucket,1.25-2.00,1.25-2.00,70,10000.0,751,30,146,605,3,143,2,1,0,0.6666666666666666,10220.0,238.68,28.68,18.68,10010,10028.68,0.2868,1.022,0.021,10010.0,0.0,0.2284,9623.13,Chronological ledger over deduped shadow_would_submit packages; unresolved positions remain open and capital-locked at cost; realized ROI only counts known resolved payouts.
bucket,1.25-2.00,1.25-2.00,80,10000.0,751,30,128,623,3,125,2,1,0,0.6666666666666666,10240.0,272.78,32.78,32.78,10000,10032.78,0.3278,1.024,0.024,10000.0,0.0,0.2284,18577.31,Chronological ledger over deduped shadow_would_submit packages; unresolved positions remain open and capital-locked at cost; realized ROI only counts known resolved payouts.
bucket,1.25-2.00,1.25-2.00,90,10000.0,751,30,114,637,3,111,2,1,0,0.6666666666666666,10260.0,306.88,36.88,46.88,9990,10036.88,0.3688,1.026,0.027,9990.0,0.0,0.2284,35767.95,Chronological ledger over deduped shadow_would_submit packages; unresolved positions remain open and capital-locked at cost; realized ROI only counts known resolved payouts.
bucket,1.25-2.00,1.25-2.00,100,10000.0,751,30,103,648,3,100,2,1,0,0.6666666666666666,10300.0,340.98,40.98,40.98,10000,10040.98,0.4098,1.03,0.03,10000.0,0.0,0.2284,68762.57,Chronological ledger over deduped shadow_would_submit packages; unresolved positions remain open and capital-locked at cost; realized ROI only counts known resolved payouts.
bucket,1.25-2.00,1.25-2.00,150,10000.0,751,30,70,681,3,67,2,1,0,0.6666666666666666,10500.0,511.46,61.46,11.46,10050,10061.46,0.6146,1.05,0.045,10050.0,0.0,0.2284,1789000.41,Chronological ledger over deduped shadow_would_submit packages; unresolved positions remain open and capital-locked at cost; realized ROI only counts known resolved payouts.
bucket,1.25-2.00,1.25-2.00,200,10000.0,751,30,53,698,3,50,2,1,0,0.6666666666666666,10600.0,681.95,81.95,81.95,10000,10081.95,0.8195,1.06,0.06,10000.0,0.0,0.2284,46175072.6,Chronological ledger over deduped shadow_would_submit packages; unresolved positions remain open and capital-locked at cost; realized ROI only counts known resolved payouts.
blend,blend_all_0.95_2.00,<1.000|1.000-1.005|1.005-1.02|1.02-1.05|1.05-1.10|1.10-1.16|1.16-1.25|1.25-2.00,10,10000.0,1477,71,1067,410,60,1007,26,34,0,0.43333333333333335,10670.0,674.57,74.57,4.57,10070,10074.57,0.7457,1.067,0.06,10070.0,2.2,0.7633,3390.35,Chronological ledger over deduped shadow_would_submit packages; unresolved positions remain open and capital-locked at cost; realized ROI only counts known resolved payouts.
blend,blend_all_0.95_2.00,<1.000|1.000-1.005|1.005-1.02|1.02-1.05|1.05-1.10|1.10-1.16|1.16-1.25|1.25-2.00,20,10000.0,1477,71,546,931,40,506,17,23,0,0.425,10920.0,921.97,121.97,1.97,10120,10121.97,1.2197,1.092,0.08,10120.0,4.41,0.7633,32847.89,Chronological ledger over deduped shadow_would_submit packages; unresolved positions remain open and capital-locked at cost; realized ROI only counts known resolved payouts.
blend,blend_all_0.95_2.00,<1.000|1.000-1.005|1.005-1.02|1.02-1.05|1.05-1.10|1.10-1.16|1.16-1.25|1.25-2.00,30,10000.0,1477,71,362,1115,25,337,9,16,0,0.36,10860.0,886.04,136.04,26.04,10110,10136.04,1.3604,1.086,0.075,10110.0,6.61,0.7633,63909.41,Chronological ledger over deduped shadow_would_submit packages; unresolved positions remain open and capital-locked at cost; realized ROI only counts known resolved payouts.
blend,blend_all_0.95_2.00,<1.000|1.000-1.005|1.005-1.02|1.02-1.05|1.05-1.10|1.10-1.16|1.16-1.25|1.25-2.00,40,10000.0,1477,71,277,1200,23,254,8,15,0,0.34782608695652173,11080.0,1096.99,176.99,16.99,10160,10176.99,1.7699,1.108,0.092,10160.0,8.82,0.7633,439968.85,Chronological ledger over deduped shadow_would_submit packages; unresolved positions remain open and capital-locked at cost; realized ROI only counts known resolved payouts.
blend,blend_all_0.95_2.00,<1.000|1.000-1.005|1.005-1.02|1.02-1.05|1.05-1.10|1.10-1.16|1.16-1.25|1.25-2.00,50,10000.0,1477,71,227,1250,23,204,8,15,0,0.34782608695652173,11350.0,1371.23,221.23,21.23,10200,10221.23,2.2123,1.135,0.115,10200.0,11.02,0.7633,3503382.9,Chronological ledger over deduped shadow_would_submit packages; unresolved positions remain open and capital-locked at cost; realized ROI only counts known resolved payouts.
blend,blend_all_0.95_2.00,<1.000|1.000-1.005|1.005-1.02|1.02-1.05|1.05-1.10|1.10-1.16|1.16-1.25|1.25-2.00,60,10000.0,1477,71,194,1283,23,171,8,15,0,0.34782608695652173,11640.0,1645.48,265.48,5.48,10260,10265.48,2.6548,1.164,0.138,10260.0,13.23,0.7633,27643051.91,Chronological ledger over deduped shadow_would_submit packages; unresolved positions remain open and capital-locked at cost; realized ROI only counts known resolved payouts.
blend,blend_all_0.95_2.00,<1.000|1.000-1.005|1.005-1.02|1.02-1.05|1.05-1.10|1.10-1.16|1.16-1.25|1.25-2.00,70,10000.0,1477,71,170,1307,23,147,8,15,0,0.34782608695652173,11900.0,1919.72,309.72,19.72,10290,10309.72,3.0972,1.19,0.161,10290.0,15.43,0.7633,216180532.51,Chronological ledger over deduped shadow_would_submit packages; unresolved positions remain open and capital-locked at cost; realized ROI only counts known resolved payouts.
blend,blend_all_0.95_2.00,<1.000|1.000-1.005|1.005-1.02|1.02-1.05|1.05-1.10|1.10-1.16|1.16-1.25|1.25-2.00,80,10000.0,1477,71,149,1328,21,128,7,14,0,0.3333333333333333,11920.0,1960.61,280.61,40.61,10240,10280.61,2.8061,1.192,0.168,10240.0,17.0,0.7633,55915018.88,Chronological ledger over deduped shadow_would_submit packages; unresolved positions remain open and capital-locked at cost; realized ROI only counts known resolved payouts.
blend,blend_all_0.95_2.00,<1.000|1.000-1.005|1.005-1.02|1.02-1.05|1.05-1.10|1.10-1.16|1.16-1.25|1.25-2.00,90,10000.0,1477,71,132,1345,18,114,6,12,0,0.3333333333333333,11880.0,1903.19,283.19,23.19,10260,10283.19,2.8319,1.188,0.162,10260.0,19.13,0.7633,63032233.7,Chronological ledger over deduped shadow_would_submit packages; unresolved positions remain open and capital-locked at cost; realized ROI only counts known resolved payouts.
blend,blend_all_0.95_2.00,<1.000|1.000-1.005|1.005-1.02|1.02-1.05|1.05-1.10|1.10-1.16|1.16-1.25|1.25-2.00,100,10000.0,1477,71,121,1356,18,103,6,12,0,0.3333333333333333,12100.0,2114.65,314.65,14.65,10300,10314.65,3.1465,1.21,0.18,10300.0,21.25,0.7633,271690594.6,Chronological ledger over deduped shadow_would_submit packages; unresolved positions remain open and capital-locked at cost; realized ROI only counts known resolved payouts.
blend,blend_all_0.95_2.00,<1.000|1.000-1.005|1.005-1.02|1.02-1.05|1.05-1.10|1.10-1.16|1.16-1.25|1.25-2.00,150,10000.0,1477,71,78,1399,10,68,2,8,0,0.2,11700.0,1712.93,212.93,12.93,10200,10212.93,2.1293,1.17,0.15,10200.0,15.78,0.7633,2375368.3,Chronological ledger over deduped shadow_would_submit packages; unresolved positions remain open and capital-locked at cost; realized ROI only counts known resolved payouts.
blend,blend_all_0.95_2.00,<1.000|1.000-1.005|1.005-1.02|1.02-1.05|1.05-1.10|1.10-1.16|1.16-1.25|1.25-2.00,200,10000.0,1477,71,59,1418,9,50,1,8,0,0.1111111111111111,11800.0,1933.03,133.03,133.03,10000,10133.03,1.3303,1.18,0.18,10000.0,26.89,0.7633,55435.36,Chronological ledger over deduped shadow_would_submit packages; unresolved positions remain open and capital-locked at cost; realized ROI only counts known resolved payouts.
blend,blend_low_0.95_1.02,<1.000|1.000-1.005|1.005-1.02,10,10000.0,28,5,28,0,5,23,0,5,0,0.0,280.0,49.5,-0.5,9769.5,230,9999.5,-0.005,0.028,0.005,230.0,0.5,0.7632,-2.38,Chronological ledger over deduped shadow_would_submit packages; unresolved positions remain open and capital-locked at cost; realized ROI only counts known resolved payouts.
blend,blend_low_0.95_1.02,<1.000|1.000-1.005|1.005-1.02,20,10000.0,28,5,28,0,5,23,0,5,0,0.0,560.0,98.99,-1.01,9538.99,460,9998.99,-0.0101,0.056,0.01,460.0,1.01,0.7632,-4.69,Chronological ledger over deduped shadow_would_submit packages; unresolved positions remain open and capital-locked at cost; realized ROI only counts known resolved payouts.
blend,blend_low_0.95_1.02,<1.000|1.000-1.005|1.005-1.02,30,10000.0,28,5,28,0,5,23,0,5,0,0.0,840.0,148.49,-1.51,9308.49,690,9998.49,-0.0151,0.084,0.015,690.0,1.51,0.7632,-6.96,Chronological ledger over deduped shadow_would_submit packages; unresolved positions remain open and capital-locked at cost; realized ROI only counts known resolved payouts.
blend,blend_low_0.95_1.02,<1.000|1.000-1.005|1.005-1.02,40,10000.0,28,5,28,0,5,23,0,5,0,0.0,1120.0,197.99,-2.01,9077.99,920,9997.99,-0.0201,0.112,0.02,920.0,2.01,0.7632,-9.17,Chronological ledger over deduped shadow_would_submit packages; unresolved positions remain open and capital-locked at cost; realized ROI only counts known resolved payouts.
blend,blend_low_0.95_1.02,<1.000|1.000-1.005|1.005-1.02,50,10000.0,28,5,28,0,5,23,0,5,0,0.0,1400.0,247.49,-2.51,8847.49,1150,9997.49,-0.0251,0.14,0.025,1150.0,2.51,0.7632,-11.33,Chronological ledger over deduped shadow_would_submit packages; unresolved positions remain open and capital-locked at cost; realized ROI only counts known resolved payouts.
blend,blend_low_0.95_1.02,<1.000|1.000-1.005|1.005-1.02,60,10000.0,28,5,28,0,5,23,0,5,0,0.0,1680.0,296.98,-3.02,8616.98,1380,9996.98,-0.0302,0.168,0.03,1380.0,3.02,0.7632,-13.43,Chronological ledger over deduped shadow_would_submit packages; unresolved positions remain open and capital-locked at cost; realized ROI only counts known resolved payouts.
blend,blend_low_0.95_1.02,<1.000|1.000-1.005|1.005-1.02,70,10000.0,28,5,28,0,5,23,0,5,0,0.0,1960.0,346.48,-3.52,8386.48,1610,9996.48,-0.0352,0.196,0.035,1610.0,3.52,0.7632,-15.49,Chronological ledger over deduped shadow_would_submit packages; unresolved positions remain open and capital-locked at cost; realized ROI only counts known resolved payouts.
blend,blend_low_0.95_1.02,<1.000|1.000-1.005|1.005-1.02,80,10000.0,28,5,28,0,5,23,0,5,0,0.0,2240.0,395.98,-4.02,8155.98,1840,9995.98,-0.0402,0.224,0.04,1840.0,4.02,0.7632,-17.5,Chronological ledger over deduped shadow_would_submit packages; unresolved positions remain open and capital-locked at cost; realized ROI only counts known resolved payouts.
blend,blend_low_0.95_1.02,<1.000|1.000-1.005|1.005-1.02,90,10000.0,28,5,28,0,5,23,0,5,0,0.0,2520.0,445.48,-4.52,7925.48,2070,9995.48,-0.0452,0.252,0.045,2070.0,4.52,0.7632,-19.46,Chronological ledger over deduped shadow_would_submit packages; unresolved positions remain open and capital-locked at cost; realized ROI only counts known resolved payouts.
blend,blend_low_0.95_1.02,<1.000|1.000-1.005|1.005-1.02,100,10000.0,28,5,28,0,5,23,0,5,0,0.0,2800.0,494.97,-5.03,7694.97,2300,9994.97,-0.0503,0.28,0.05,2300.0,5.03,0.7632,-21.37,Chronological ledger over deduped shadow_would_submit packages; unresolved positions remain open and capital-locked at cost; realized ROI only counts known resolved payouts.
blend,blend_low_0.95_1.02,<1.000|1.000-1.005|1.005-1.02,150,10000.0,28,5,28,0,5,23,0,5,0,0.0,4200.0,742.46,-7.54,6542.46,3450,9992.46,-0.0754,0.42,0.075,3450.0,7.54,0.7632,-30.28,Chronological ledger over deduped shadow_would_submit packages; unresolved positions remain open and capital-locked at cost; realized ROI only counts known resolved payouts.
blend,blend_low_0.95_1.02,<1.000|1.000-1.005|1.005-1.02,200,10000.0,28,5,28,0,5,23,0,5,0,0.0,5600.0,989.95,-10.05,5389.95,4600,9989.95,-0.1005,0.56,0.1,4600.0,10.05,0.7632,-38.19,Chronological ledger over deduped shadow_would_submit packages; unresolved positions remain open and capital-locked at cost; realized ROI only counts known resolved payouts.
blend,blend_mid_1.02_1.10,1.02-1.05|1.05-1.10,10,10000.0,254,22,254,0,22,232,2,20,0,0.09090909090909091,2540.0,229.65,9.65,7689.65,2320,10009.65,0.0965,0.254,0.022,2320.0,1.05,0.7633,58.61,Chronological ledger over deduped shadow_would_submit packages; unresolved positions remain open and capital-locked at cost; realized ROI only counts known resolved payouts.
blend,blend_mid_1.02_1.10,1.02-1.05|1.05-1.10,20,10000.0,254,22,254,0,22,232,2,20,0,0.09090909090909091,5080.0,459.3,19.3,5379.3,4640,10019.3,0.193,0.508,0.044,4640.0,2.1,0.7633,151.47,Chronological ledger over deduped shadow_would_submit packages; unresolved positions remain open and capital-locked at cost; realized ROI only counts known resolved payouts.
blend,blend_mid_1.02_1.10,1.02-1.05|1.05-1.10,30,10000.0,254,22,254,0,22,232,2,20,0,0.09090909090909091,7620.0,688.95,28.95,3068.95,6960,10028.95,0.2895,0.762,0.066,6960.0,3.16,0.7633,298.5,Chronological ledger over deduped shadow_would_submit packages; unresolved positions remain open and capital-locked at cost; realized ROI only counts known resolved payouts.
blend,blend_mid_1.02_1.10,1.02-1.05|1.05-1.10,40,10000.0,254,22,254,0,22,232,2,20,0,0.09090909090909091,10160.0,918.6,38.6,758.6,9280,10038.6,0.386,1.016,0.088,9280.0,4.21,0.7633,531.23,Chronological ledger over deduped shadow_would_submit packages; unresolved positions remain open and capital-locked at cost; realized ROI only counts known resolved payouts.
blend,blend_mid_1.02_1.10,1.02-1.05|1.05-1.10,50,10000.0,254,22,222,32,22,200,2,20,0,0.09090909090909091,11100.0,1148.25,48.25,48.25,10000,10048.25,0.4825,1.11,0.11,10000.0,5.26,0.7633,899.44,Chronological ledger over deduped shadow_would_submit packages; unresolved positions remain open and capital-locked at cost; realized ROI only counts known resolved payouts.
blend,blend_mid_1.02_1.10,1.02-1.05|1.05-1.10,60,10000.0,254,22,188,66,21,167,2,19,0,0.09523809523809523,11280.0,1321.2,61.2,41.2,10020,10061.2,0.612,1.128,0.126,10020.0,6.31,0.7633,1749.44,Chronological ledger over deduped shadow_would_submit packages; unresolved positions remain open and capital-locked at cost; realized ROI only counts known resolved payouts.
blend,blend_mid_1.02_1.10,1.02-1.05|1.05-1.10,70,10000.0,254,22,161,93,17,144,2,15,0,0.11764705882352941,11270.0,1273.79,83.79,3.79,10080,10083.79,0.8379,1.127,0.119,10080.0,7.36,0.7633,5306.28,Chronological ledger over deduped shadow_would_submit packages; unresolved positions remain open and capital-locked at cost; realized ROI only counts known resolved payouts.
blend,blend_mid_1.02_1.10,1.02-1.05|1.05-1.10,80,10000.0,254,22,143,111,17,126,2,15,0,0.11764705882352941,11440.0,1455.76,95.76,15.76,10080,10095.76,0.9576,1.144,0.136,10080.0,8.41,0.7633,9434.09,Chronological ledger over deduped shadow_would_submit packages; unresolved positions remain open and capital-locked at cost; realized ROI only counts known resolved payouts.
blend,blend_mid_1.02_1.10,1.02-1.05|1.05-1.10,90,10000.0,254,22,127,127,15,112,2,13,0,0.13333333333333333,11430.0,1466.92,116.92,36.92,10080,10116.92,1.1692,1.143,0.135,10080.0,9.47,0.7633,25845.07,Chronological ledger over deduped shadow_would_submit packages; unresolved positions remain open and capital-locked at cost; realized ROI only counts known resolved payouts.
blend,blend_mid_1.02_1.10,1.02-1.05|1.05-1.10,100,10000.0,254,22,115,139,14,101,2,12,0,0.14285714285714285,11500.0,1538.08,138.08,38.08,10100,10138.08,1.3808,1.15,0.14,10100.0,10.52,0.7633,70376.73,Chronological ledger over deduped shadow_would_submit packages; unresolved positions remain open and capital-locked at cost; realized ROI only counts known resolved payouts.
blend,blend_mid_1.02_1.10,1.02-1.05|1.05-1.10,150,10000.0,254,22,78,176,10,68,2,8,0,0.2,11700.0,1730.6,230.6,30.6,10200,10230.6,2.306,1.17,0.15,10200.0,15.78,0.7633,5429354.8,Chronological ledger over deduped shadow_would_submit packages; unresolved positions remain open and capital-locked at cost; realized ROI only counts known resolved payouts.
blend,blend_mid_1.02_1.10,1.02-1.05|1.05-1.10,200,10000.0,254,22,61,193,10,51,2,8,0,0.2,12200.0,2307.47,307.47,107.47,10200,10307.47,3.0747,1.22,0.2,10200.0,21.03,0.7633,194679699.23,Chronological ledger over deduped shadow_would_submit packages; unresolved positions remain open and capital-locked at cost; realized ROI only counts known resolved payouts.
blend,blend_wide_1.10_1.25,1.10-1.16|1.16-1.25,10,10000.0,444,14,444,0,14,430,5,9,0,0.35714285714285715,4440.0,161.27,21.27,5721.27,4300,10021.27,0.2127,0.444,0.014,4300.0,2.13,0.2284,2880.32,Chronological ledger over deduped shadow_would_submit packages; unresolved positions remain open and capital-locked at cost; realized ROI only counts known resolved payouts.
blend,blend_wide_1.10_1.25,1.10-1.16|1.16-1.25,20,10000.0,444,14,444,0,14,430,5,9,0,0.35714285714285715,8880.0,322.53,42.53,1442.53,8600,10042.53,0.4253,0.888,0.028,8600.0,4.25,0.2284,88086.19,Chronological ledger over deduped shadow_would_submit packages; unresolved positions remain open and capital-locked at cost; realized ROI only counts known resolved payouts.
blend,blend_wide_1.10_1.25,1.10-1.16|1.16-1.25,30,10000.0,444,14,349,95,14,335,5,9,0,0.35714285714285715,10470.0,483.8,63.8,13.8,10050,10063.8,0.638,1.047,0.042,10050.0,6.38,0.2284,2590655.85,Chronological ledger over deduped shadow_would_submit packages; unresolved positions remain open and capital-locked at cost; realized ROI only counts known resolved payouts.
blend,blend_wide_1.10_1.25,1.10-1.16|1.16-1.25,40,10000.0,444,14,263,181,11,252,5,6,0,0.45454545454545453,10520.0,543.67,103.67,23.67,10080,10103.67,1.0367,1.052,0.044,10080.0,8.5,0.2284,1438574621.9,Chronological ledger over deduped shadow_would_submit packages; unresolved positions remain open and capital-locked at cost; realized ROI only counts known resolved payouts.
blend,blend_wide_1.10_1.25,1.10-1.16|1.16-1.25,50,10000.0,444,14,212,232,10,202,5,5,0,0.5,10600.0,639.56,139.56,39.56,10100,10139.56,1.3956,1.06,0.05,10100.0,10.63,0.2284,415477426755.85,Chronological ledger over deduped shadow_would_submit packages; unresolved positions remain open and capital-locked at cost; realized ROI only counts known resolved payouts.
blend,blend_wide_1.10_1.25,1.10-1.16|1.16-1.25,60,10000.0,444,14,176,268,7,169,4,3,0,0.5714285714285714,10560.0,560.29,140.29,0.29,10140,10140.29,1.4029,1.056,0.042,10140.0,12.75,0.2284,466624417273.32,Chronological ledger over deduped shadow_would_submit packages; unresolved positions remain open and capital-locked at cost; realized ROI only counts known resolved payouts.
blend,blend_wide_1.10_1.25,1.10-1.16|1.16-1.25,70,10000.0,444,14,152,292,7,145,4,3,0,0.5714285714285714,10640.0,653.68,163.68,13.68,10150,10163.68,1.6368,1.064,0.049,10150.0,14.88,0.2284,18511693647572.58,Chronological ledger over deduped shadow_would_submit packages; unresolved positions remain open and capital-locked at cost; realized ROI only counts known resolved payouts.
blend,blend_wide_1.10_1.25,1.10-1.16|1.16-1.25,80,10000.0,444,14,134,310,7,127,4,3,0,0.5714285714285714,10720.0,747.06,187.06,27.06,10160,10187.06,1.8706,1.072,0.056,10160.0,17.0,0.2284,728201627659918.4,Chronological ledger over deduped shadow_would_submit packages; unresolved positions remain open and capital-locked at cost; realized ROI only counts known resolved payouts.
blend,blend_wide_1.10_1.25,1.10-1.16|1.16-1.25,90,10000.0,444,14,120,324,7,113,4,3,0,0.5714285714285714,10800.0,840.44,210.44,40.44,10170,10210.44,2.1044,1.08,0.063,10170.0,19.13,0.2284,2.840539128725995e+16,Chronological ledger over deduped shadow_would_submit packages; unresolved positions remain open and capital-locked at cost; realized ROI only counts known resolved payouts.
blend,blend_wide_1.10_1.25,1.10-1.16|1.16-1.25,100,10000.0,444,14,108,336,6,102,4,2,0,0.6666666666666666,10800.0,851.11,251.11,51.11,10200,10251.11,2.5111,1.08,0.06,10200.0,21.25,0.2284,1.6302594301504195e+19,Chronological ledger over deduped shadow_would_submit packages; unresolved positions remain open and capital-locked at cost; realized ROI only counts known resolved payouts.
blend,blend_wide_1.10_1.25,1.10-1.16|1.16-1.25,150,10000.0,444,14,75,369,6,69,4,2,0,0.6666666666666666,11250.0,1276.67,376.67,26.67,10350,10376.67,3.7667,1.125,0.09,10350.0,31.88,0.2284,4.5804433266013163e+27,Chronological ledger over deduped shadow_would_submit packages; unresolved positions remain open and capital-locked at cost; realized ROI only counts known resolved payouts.
blend,blend_wide_1.10_1.25,1.10-1.16|1.16-1.25,200,10000.0,444,14,58,386,6,52,4,2,0,0.6666666666666666,11600.0,1702.22,502.22,102.22,10400,10502.22,5.0222,1.16,0.12,10400.0,42.51,0.2284,1.0184599084917556e+36,Chronological ledger over deduped shadow_would_submit packages; unresolved positions remain open and capital-locked at cost; realized ROI only counts known resolved payouts.
blend,blend_high_1.25_2.00,1.25-2.00,10,10000.0,751,30,751,0,30,721,23,7,0,0.7666666666666667,7510.0,341.3,41.3,2831.3,7210,10041.3,0.413,0.751,0.03,7210.0,0.0,0.2284,72363.26,Chronological ledger over deduped shadow_would_submit packages; unresolved positions remain open and capital-locked at cost; realized ROI only counts known resolved payouts.
blend,blend_high_1.25_2.00,1.25-2.00,20,10000.0,751,30,528,223,24,504,19,5,0,0.7916666666666666,10560.0,561.26,81.26,1.26,10080,10081.26,0.8126,1.056,0.048,10080.0,0.0,0.2284,41385610.89,Chronological ledger over deduped shadow_would_submit packages; unresolved positions remain open and capital-locked at cost; realized ROI only counts known resolved payouts.
blend,blend_high_1.25_2.00,1.25-2.00,30,10000.0,751,30,353,398,17,336,14,3,0,0.8235294117647058,10590.0,592.05,82.05,2.05,10080,10082.05,0.8205,1.059,0.051,10080.0,0.0,0.2284,46895029.74,Chronological ledger over deduped shadow_would_submit packages; unresolved positions remain open and capital-locked at cost; realized ROI only counts known resolved payouts.
blend,blend_high_1.25_2.00,1.25-2.00,40,10000.0,751,30,263,488,12,251,10,2,0,0.8333333333333334,10520.0,558.41,78.41,38.41,10040,10078.41,0.7841,1.052,0.048,10040.0,0.0,0.2284,26336172.44,Chronological ledger over deduped shadow_would_submit packages; unresolved positions remain open and capital-locked at cost; realized ROI only counts known resolved payouts.
blend,blend_high_1.25_2.00,1.25-2.00,50,10000.0,751,30,210,541,9,201,7,2,0,0.7777777777777778,10500.0,529.26,79.26,29.26,10050,10079.26,0.7926,1.05,0.045,10050.0,0.0,0.2284,30156487.74,Chronological ledger over deduped shadow_would_submit packages; unresolved positions remain open and capital-locked at cost; realized ROI only counts known resolved payouts.
blend,blend_high_1.25_2.00,1.25-2.00,60,10000.0,751,30,171,580,4,167,3,1,0,0.75,10260.0,281.56,41.56,21.56,10020,10041.56,0.4156,1.026,0.024,10020.0,0.0,0.2284,75446.28,Chronological ledger over deduped shadow_would_submit packages; unresolved positions remain open and capital-locked at cost; realized ROI only counts known resolved payouts.
blend,blend_high_1.25_2.00,1.25-2.00,70,10000.0,751,30,146,605,3,143,2,1,0,0.6666666666666666,10220.0,238.68,28.68,18.68,10010,10028.68,0.2868,1.022,0.021,10010.0,0.0,0.2284,9623.13,Chronological ledger over deduped shadow_would_submit packages; unresolved positions remain open and capital-locked at cost; realized ROI only counts known resolved payouts.
blend,blend_high_1.25_2.00,1.25-2.00,80,10000.0,751,30,128,623,3,125,2,1,0,0.6666666666666666,10240.0,272.78,32.78,32.78,10000,10032.78,0.3278,1.024,0.024,10000.0,0.0,0.2284,18577.31,Chronological ledger over deduped shadow_would_submit packages; unresolved positions remain open and capital-locked at cost; realized ROI only counts known resolved payouts.
blend,blend_high_1.25_2.00,1.25-2.00,90,10000.0,751,30,114,637,3,111,2,1,0,0.6666666666666666,10260.0,306.88,36.88,46.88,9990,10036.88,0.3688,1.026,0.027,9990.0,0.0,0.2284,35767.95,Chronological ledger over deduped shadow_would_submit packages; unresolved positions remain open and capital-locked at cost; realized ROI only counts known resolved payouts.
blend,blend_high_1.25_2.00,1.25-2.00,100,10000.0,751,30,103,648,3,100,2,1,0,0.6666666666666666,10300.0,340.98,40.98,40.98,10000,10040.98,0.4098,1.03,0.03,10000.0,0.0,0.2284,68762.57,Chronological ledger over deduped shadow_would_submit packages; unresolved positions remain open and capital-locked at cost; realized ROI only counts known resolved payouts.
blend,blend_high_1.25_2.00,1.25-2.00,150,10000.0,751,30,70,681,3,67,2,1,0,0.6666666666666666,10500.0,511.46,61.46,11.46,10050,10061.46,0.6146,1.05,0.045,10050.0,0.0,0.2284,1789000.41,Chronological ledger over deduped shadow_would_submit packages; unresolved positions remain open and capital-locked at cost; realized ROI only counts known resolved payouts.
blend,blend_high_1.25_2.00,1.25-2.00,200,10000.0,751,30,53,698,3,50,2,1,0,0.6666666666666666,10600.0,681.95,81.95,81.95,10000,10081.95,0.8195,1.06,0.06,10000.0,0.0,0.2284,46175072.6,Chronological ledger over deduped shadow_would_submit packages; unresolved positions remain open and capital-locked at cost; realized ROI only counts known resolved payouts.
blend,blend_positive_prior_1.005_1.25,1.005-1.02|1.05-1.10|1.10-1.16|1.16-1.25,10,10000.0,626,26,626,0,26,600,6,20,0,0.23076923076923078,6260.0,285.57,25.57,4025.57,6000,10025.57,0.2557,0.626,0.026,6000.0,2.2,0.7632,239.21,Chronological ledger over deduped shadow_would_submit packages; unresolved positions remain open and capital-locked at cost; realized ROI only counts known resolved payouts.
blend,blend_positive_prior_1.005_1.25,1.005-1.02|1.05-1.10|1.10-1.16|1.16-1.25,20,10000.0,626,26,528,98,26,502,6,20,0,0.23076923076923078,10560.0,571.15,51.15,11.15,10040,10051.15,0.5115,1.056,0.052,10040.0,4.41,0.7632,1047.04,Chronological ledger over deduped shadow_would_submit packages; unresolved positions remain open and capital-locked at cost; realized ROI only counts known resolved payouts.
blend,blend_positive_prior_1.005_1.25,1.005-1.02|1.05-1.10|1.10-1.16|1.16-1.25,30,10000.0,626,26,356,270,20,336,6,14,0,0.3,10680.0,696.14,96.14,16.14,10080,10096.14,0.9614,1.068,0.06,10080.0,6.61,0.7632,9611.83,Chronological ledger over deduped shadow_would_submit packages; unresolved positions remain open and capital-locked at cost; realized ROI only counts known resolved payouts.
blend,blend_positive_prior_1.005_1.25,1.005-1.02|1.05-1.10|1.10-1.16|1.16-1.25,40,10000.0,626,26,269,357,16,253,6,10,0,0.375,10760.0,782.68,142.68,22.68,10120,10142.68,1.4268,1.076,0.064,10120.0,8.82,0.7632,87507.19,Chronological ledger over deduped shadow_would_submit packages; unresolved positions remain open and capital-locked at cost; realized ROI only counts known resolved payouts.
blend,blend_positive_prior_1.005_1.25,1.005-1.02|1.05-1.10|1.10-1.16|1.16-1.25,50,10000.0,626,26,215,411,12,203,5,7,0,0.4166666666666667,10750.0,756.11,156.11,6.11,10150,10156.11,1.5611,1.075,0.06,10150.0,10.63,0.7632,164796.15,Chronological ledger over deduped shadow_would_submit packages; unresolved positions remain open and capital-locked at cost; realized ROI only counts known resolved payouts.
blend,blend_positive_prior_1.005_1.25,1.005-1.02|1.05-1.10|1.10-1.16|1.16-1.25,60,10000.0,626,26,181,445,12,169,5,7,0,0.4166666666666667,10860.0,907.33,187.33,47.33,10140,10187.33,1.8733,1.086,0.072,10140.0,12.75,0.7632,715574.21,Chronological ledger over deduped shadow_would_submit packages; unresolved positions remain open and capital-locked at cost; realized ROI only counts known resolved payouts.
blend,blend_positive_prior_1.005_1.25,1.005-1.02|1.05-1.10|1.10-1.16|1.16-1.25,70,10000.0,626,26,157,469,11,146,5,6,0,0.45454545454545453,10990.0,1000.65,230.65,10.65,10220,10230.65,2.3065,1.099,0.077,10220.0,14.88,0.7632,5445904.5,Chronological ledger over deduped shadow_would_submit packages; unresolved positions remain open and capital-locked at cost; realized ROI only counts known resolved payouts.
blend,blend_positive_prior_1.005_1.25,1.005-1.02|1.05-1.10|1.10-1.16|1.16-1.25,80,10000.0,626,26,139,487,11,128,5,6,0,0.45454545454545453,11120.0,1143.6,263.6,23.6,10240,10263.6,2.636,1.112,0.088,10240.0,17.0,0.7632,25347093.4,Chronological ledger over deduped shadow_would_submit packages; unresolved positions remain open and capital-locked at cost; realized ROI only counts known resolved payouts.
blend,blend_positive_prior_1.005_1.25,1.005-1.02|1.05-1.10|1.10-1.16|1.16-1.25,90,10000.0,626,26,125,501,11,114,5,6,0,0.45454545454545453,11250.0,1286.55,296.55,36.55,10260,10296.55,2.9655,1.125,0.099,10260.0,19.13,0.7632,117392611.24,Chronological ledger over deduped shadow_would_submit packages; unresolved positions remain open and capital-locked at cost; realized ROI only counts known resolved payouts.
blend,blend_positive_prior_1.005_1.25,1.005-1.02|1.05-1.10|1.10-1.16|1.16-1.25,100,10000.0,626,26,114,512,11,103,5,6,0,0.45454545454545453,11400.0,1429.5,329.5,29.5,10300,10329.5,3.295,1.14,0.11,10300.0,21.25,0.7632,541034996.47,Chronological ledger over deduped shadow_would_submit packages; unresolved positions remain open and capital-locked at cost; realized ROI only counts known resolved payouts.
blend,blend_positive_prior_1.005_1.25,1.005-1.02|1.05-1.10|1.10-1.16|1.16-1.25,150,10000.0,626,26,80,546,11,69,5,6,0,0.45454545454545453,12000.0,2144.25,494.25,144.25,10350,10494.25,4.9425,1.2,0.165,10350.0,31.88,0.7632,1046435401812.59,Chronological ledger over deduped shadow_would_submit packages; unresolved positions remain open and capital-locked at cost; realized ROI only counts known resolved payouts.
blend,blend_positive_prior_1.005_1.25,1.005-1.02|1.05-1.10|1.10-1.16|1.16-1.25,200,10000.0,626,26,64,562,11,53,5,6,0,0.45454545454545453,12800.0,2859.0,659.0,59.0,10600,10659.0,6.59,1.28,0.22,10600.0,42.51,0.7632,1798888456878905.8,Chronological ledger over deduped shadow_would_submit packages; unresolved positions remain open and capital-locked at cost; realized ROI only counts known resolved payouts.
