scenario_type,scenario,eligible_buckets,bet_size,starting_bankroll,total_packages,resolved_packages,unknown_open_packages,middle_hits,middle_rate_resolved,gross_staked_on_resolved,projected_profit_on_resolved,final_equity_realized_only,roi_on_starting_bankroll_pct,turnover_on_starting_bankroll_x,weighted_observed_cost_roi_pct,gross_staked_if_all_packages_resolve,projected_profit_if_all_packages_same_roi,final_equity_if_all_packages_same_roi,roi_if_all_packages_same_roi_pct,one_day_turnover_capacity_note,method
bucket,<1.000,<1.000,10,10000.0,70,48,22,2,0.041667,480,63.84,10063.84,0.6384,0.048,13.3,700,93.1,10093.1,0.931,"If these markets resolved in ~1 day, turnover_x approximates daily capital turnover before capacity/repeated-window limits.",Full historical+tracked resolved bucket projection from Monotonic Middle Outcomes; every resolved package in the bucket contributes via bucket ROI. Unknown/open packages reported separately and included only in the same-ROI projection columns.
bucket,<1.000,<1.000,20,10000.0,70,48,22,2,0.041667,960,127.68,10127.68,1.2768,0.096,13.3,1400,186.2,10186.2,1.862,"If these markets resolved in ~1 day, turnover_x approximates daily capital turnover before capacity/repeated-window limits.",Full historical+tracked resolved bucket projection from Monotonic Middle Outcomes; every resolved package in the bucket contributes via bucket ROI. Unknown/open packages reported separately and included only in the same-ROI projection columns.
bucket,<1.000,<1.000,30,10000.0,70,48,22,2,0.041667,1440,191.52,10191.52,1.9152,0.144,13.3,2100,279.3,10279.3,2.793,"If these markets resolved in ~1 day, turnover_x approximates daily capital turnover before capacity/repeated-window limits.",Full historical+tracked resolved bucket projection from Monotonic Middle Outcomes; every resolved package in the bucket contributes via bucket ROI. Unknown/open packages reported separately and included only in the same-ROI projection columns.
bucket,<1.000,<1.000,40,10000.0,70,48,22,2,0.041667,1920,255.36,10255.36,2.5536,0.192,13.3,2800,372.4,10372.4,3.724,"If these markets resolved in ~1 day, turnover_x approximates daily capital turnover before capacity/repeated-window limits.",Full historical+tracked resolved bucket projection from Monotonic Middle Outcomes; every resolved package in the bucket contributes via bucket ROI. Unknown/open packages reported separately and included only in the same-ROI projection columns.
bucket,<1.000,<1.000,50,10000.0,70,48,22,2,0.041667,2400,319.2,10319.2,3.192,0.24,13.3,3500,465.5,10465.5,4.655,"If these markets resolved in ~1 day, turnover_x approximates daily capital turnover before capacity/repeated-window limits.",Full historical+tracked resolved bucket projection from Monotonic Middle Outcomes; every resolved package in the bucket contributes via bucket ROI. Unknown/open packages reported separately and included only in the same-ROI projection columns.
bucket,<1.000,<1.000,60,10000.0,70,48,22,2,0.041667,2880,383.04,10383.04,3.8304,0.288,13.3,4200,558.6,10558.6,5.586,"If these markets resolved in ~1 day, turnover_x approximates daily capital turnover before capacity/repeated-window limits.",Full historical+tracked resolved bucket projection from Monotonic Middle Outcomes; every resolved package in the bucket contributes via bucket ROI. Unknown/open packages reported separately and included only in the same-ROI projection columns.
bucket,<1.000,<1.000,70,10000.0,70,48,22,2,0.041667,3360,446.88,10446.88,4.4688,0.336,13.3,4900,651.7,10651.7,6.517,"If these markets resolved in ~1 day, turnover_x approximates daily capital turnover before capacity/repeated-window limits.",Full historical+tracked resolved bucket projection from Monotonic Middle Outcomes; every resolved package in the bucket contributes via bucket ROI. Unknown/open packages reported separately and included only in the same-ROI projection columns.
bucket,<1.000,<1.000,80,10000.0,70,48,22,2,0.041667,3840,510.72,10510.72,5.1072,0.384,13.3,5600,744.8,10744.8,7.448,"If these markets resolved in ~1 day, turnover_x approximates daily capital turnover before capacity/repeated-window limits.",Full historical+tracked resolved bucket projection from Monotonic Middle Outcomes; every resolved package in the bucket contributes via bucket ROI. Unknown/open packages reported separately and included only in the same-ROI projection columns.
bucket,<1.000,<1.000,90,10000.0,70,48,22,2,0.041667,4320,574.56,10574.56,5.7456,0.432,13.3,6300,837.9,10837.9,8.379,"If these markets resolved in ~1 day, turnover_x approximates daily capital turnover before capacity/repeated-window limits.",Full historical+tracked resolved bucket projection from Monotonic Middle Outcomes; every resolved package in the bucket contributes via bucket ROI. Unknown/open packages reported separately and included only in the same-ROI projection columns.
bucket,<1.000,<1.000,100,10000.0,70,48,22,2,0.041667,4800,638.4,10638.4,6.384,0.48,13.3,7000,931.0,10931.0,9.31,"If these markets resolved in ~1 day, turnover_x approximates daily capital turnover before capacity/repeated-window limits.",Full historical+tracked resolved bucket projection from Monotonic Middle Outcomes; every resolved package in the bucket contributes via bucket ROI. Unknown/open packages reported separately and included only in the same-ROI projection columns.
bucket,<1.000,<1.000,150,10000.0,70,48,22,2,0.041667,7200,957.6,10957.6,9.576,0.72,13.3,10500,1396.5,11396.5,13.965,"If these markets resolved in ~1 day, turnover_x approximates daily capital turnover before capacity/repeated-window limits.",Full historical+tracked resolved bucket projection from Monotonic Middle Outcomes; every resolved package in the bucket contributes via bucket ROI. Unknown/open packages reported separately and included only in the same-ROI projection columns.
bucket,<1.000,<1.000,200,10000.0,70,48,22,2,0.041667,9600,1276.8,11276.8,12.768,0.96,13.3,14000,1862.0,11862.0,18.62,"If these markets resolved in ~1 day, turnover_x approximates daily capital turnover before capacity/repeated-window limits.",Full historical+tracked resolved bucket projection from Monotonic Middle Outcomes; every resolved package in the bucket contributes via bucket ROI. Unknown/open packages reported separately and included only in the same-ROI projection columns.
bucket,1.000-1.005,1.000-1.005,10,10000.0,243,195,48,1,0.005128,1950,5.85,10005.85,0.0585,0.195,0.3,2430,7.29,10007.29,0.0729,"If these markets resolved in ~1 day, turnover_x approximates daily capital turnover before capacity/repeated-window limits.",Full historical+tracked resolved bucket projection from Monotonic Middle Outcomes; every resolved package in the bucket contributes via bucket ROI. Unknown/open packages reported separately and included only in the same-ROI projection columns.
bucket,1.000-1.005,1.000-1.005,20,10000.0,243,195,48,1,0.005128,3900,11.7,10011.7,0.117,0.39,0.3,4860,14.58,10014.58,0.1458,"If these markets resolved in ~1 day, turnover_x approximates daily capital turnover before capacity/repeated-window limits.",Full historical+tracked resolved bucket projection from Monotonic Middle Outcomes; every resolved package in the bucket contributes via bucket ROI. Unknown/open packages reported separately and included only in the same-ROI projection columns.
bucket,1.000-1.005,1.000-1.005,30,10000.0,243,195,48,1,0.005128,5850,17.55,10017.55,0.1755,0.585,0.3,7290,21.87,10021.87,0.2187,"If these markets resolved in ~1 day, turnover_x approximates daily capital turnover before capacity/repeated-window limits.",Full historical+tracked resolved bucket projection from Monotonic Middle Outcomes; every resolved package in the bucket contributes via bucket ROI. Unknown/open packages reported separately and included only in the same-ROI projection columns.
bucket,1.000-1.005,1.000-1.005,40,10000.0,243,195,48,1,0.005128,7800,23.4,10023.4,0.234,0.78,0.3,9720,29.16,10029.16,0.2916,"If these markets resolved in ~1 day, turnover_x approximates daily capital turnover before capacity/repeated-window limits.",Full historical+tracked resolved bucket projection from Monotonic Middle Outcomes; every resolved package in the bucket contributes via bucket ROI. Unknown/open packages reported separately and included only in the same-ROI projection columns.
bucket,1.000-1.005,1.000-1.005,50,10000.0,243,195,48,1,0.005128,9750,29.25,10029.25,0.2925,0.975,0.3,12150,36.45,10036.45,0.3645,"If these markets resolved in ~1 day, turnover_x approximates daily capital turnover before capacity/repeated-window limits.",Full historical+tracked resolved bucket projection from Monotonic Middle Outcomes; every resolved package in the bucket contributes via bucket ROI. Unknown/open packages reported separately and included only in the same-ROI projection columns.
bucket,1.000-1.005,1.000-1.005,60,10000.0,243,195,48,1,0.005128,11700,35.1,10035.1,0.351,1.17,0.3,14580,43.74,10043.74,0.4374,"If these markets resolved in ~1 day, turnover_x approximates daily capital turnover before capacity/repeated-window limits.",Full historical+tracked resolved bucket projection from Monotonic Middle Outcomes; every resolved package in the bucket contributes via bucket ROI. Unknown/open packages reported separately and included only in the same-ROI projection columns.
bucket,1.000-1.005,1.000-1.005,70,10000.0,243,195,48,1,0.005128,13650,40.95,10040.95,0.4095,1.365,0.3,17010,51.03,10051.03,0.5103,"If these markets resolved in ~1 day, turnover_x approximates daily capital turnover before capacity/repeated-window limits.",Full historical+tracked resolved bucket projection from Monotonic Middle Outcomes; every resolved package in the bucket contributes via bucket ROI. Unknown/open packages reported separately and included only in the same-ROI projection columns.
bucket,1.000-1.005,1.000-1.005,80,10000.0,243,195,48,1,0.005128,15600,46.8,10046.8,0.468,1.56,0.3,19440,58.32,10058.32,0.5832,"If these markets resolved in ~1 day, turnover_x approximates daily capital turnover before capacity/repeated-window limits.",Full historical+tracked resolved bucket projection from Monotonic Middle Outcomes; every resolved package in the bucket contributes via bucket ROI. Unknown/open packages reported separately and included only in the same-ROI projection columns.
bucket,1.000-1.005,1.000-1.005,90,10000.0,243,195,48,1,0.005128,17550,52.65,10052.65,0.5265,1.755,0.3,21870,65.61,10065.61,0.6561,"If these markets resolved in ~1 day, turnover_x approximates daily capital turnover before capacity/repeated-window limits.",Full historical+tracked resolved bucket projection from Monotonic Middle Outcomes; every resolved package in the bucket contributes via bucket ROI. Unknown/open packages reported separately and included only in the same-ROI projection columns.
bucket,1.000-1.005,1.000-1.005,100,10000.0,243,195,48,1,0.005128,19500,58.5,10058.5,0.585,1.95,0.3,24300,72.9,10072.9,0.729,"If these markets resolved in ~1 day, turnover_x approximates daily capital turnover before capacity/repeated-window limits.",Full historical+tracked resolved bucket projection from Monotonic Middle Outcomes; every resolved package in the bucket contributes via bucket ROI. Unknown/open packages reported separately and included only in the same-ROI projection columns.
bucket,1.000-1.005,1.000-1.005,150,10000.0,243,195,48,1,0.005128,29250,87.75,10087.75,0.8775,2.925,0.3,36450,109.35,10109.35,1.0935,"If these markets resolved in ~1 day, turnover_x approximates daily capital turnover before capacity/repeated-window limits.",Full historical+tracked resolved bucket projection from Monotonic Middle Outcomes; every resolved package in the bucket contributes via bucket ROI. Unknown/open packages reported separately and included only in the same-ROI projection columns.
bucket,1.000-1.005,1.000-1.005,200,10000.0,243,195,48,1,0.005128,39000,117.0,10117.0,1.17,3.9,0.3,48600,145.8,10145.8,1.458,"If these markets resolved in ~1 day, turnover_x approximates daily capital turnover before capacity/repeated-window limits.",Full historical+tracked resolved bucket projection from Monotonic Middle Outcomes; every resolved package in the bucket contributes via bucket ROI. Unknown/open packages reported separately and included only in the same-ROI projection columns.
bucket,1.005-1.02,1.005-1.02,10,10000.0,323,129,194,6,0.046512,1290,45.15,10045.15,0.4515,0.129,3.5,3230,113.05,10113.05,1.1305,"If these markets resolved in ~1 day, turnover_x approximates daily capital turnover before capacity/repeated-window limits.",Full historical+tracked resolved bucket projection from Monotonic Middle Outcomes; every resolved package in the bucket contributes via bucket ROI. Unknown/open packages reported separately and included only in the same-ROI projection columns.
bucket,1.005-1.02,1.005-1.02,20,10000.0,323,129,194,6,0.046512,2580,90.3,10090.3,0.903,0.258,3.5,6460,226.1,10226.1,2.261,"If these markets resolved in ~1 day, turnover_x approximates daily capital turnover before capacity/repeated-window limits.",Full historical+tracked resolved bucket projection from Monotonic Middle Outcomes; every resolved package in the bucket contributes via bucket ROI. Unknown/open packages reported separately and included only in the same-ROI projection columns.
bucket,1.005-1.02,1.005-1.02,30,10000.0,323,129,194,6,0.046512,3870,135.45,10135.45,1.3545,0.387,3.5,9690,339.15,10339.15,3.3915,"If these markets resolved in ~1 day, turnover_x approximates daily capital turnover before capacity/repeated-window limits.",Full historical+tracked resolved bucket projection from Monotonic Middle Outcomes; every resolved package in the bucket contributes via bucket ROI. Unknown/open packages reported separately and included only in the same-ROI projection columns.
bucket,1.005-1.02,1.005-1.02,40,10000.0,323,129,194,6,0.046512,5160,180.6,10180.6,1.806,0.516,3.5,12920,452.2,10452.2,4.522,"If these markets resolved in ~1 day, turnover_x approximates daily capital turnover before capacity/repeated-window limits.",Full historical+tracked resolved bucket projection from Monotonic Middle Outcomes; every resolved package in the bucket contributes via bucket ROI. Unknown/open packages reported separately and included only in the same-ROI projection columns.
bucket,1.005-1.02,1.005-1.02,50,10000.0,323,129,194,6,0.046512,6450,225.75,10225.75,2.2575,0.645,3.5,16150,565.25,10565.25,5.6525,"If these markets resolved in ~1 day, turnover_x approximates daily capital turnover before capacity/repeated-window limits.",Full historical+tracked resolved bucket projection from Monotonic Middle Outcomes; every resolved package in the bucket contributes via bucket ROI. Unknown/open packages reported separately and included only in the same-ROI projection columns.
bucket,1.005-1.02,1.005-1.02,60,10000.0,323,129,194,6,0.046512,7740,270.9,10270.9,2.709,0.774,3.5,19380,678.3,10678.3,6.783,"If these markets resolved in ~1 day, turnover_x approximates daily capital turnover before capacity/repeated-window limits.",Full historical+tracked resolved bucket projection from Monotonic Middle Outcomes; every resolved package in the bucket contributes via bucket ROI. Unknown/open packages reported separately and included only in the same-ROI projection columns.
bucket,1.005-1.02,1.005-1.02,70,10000.0,323,129,194,6,0.046512,9030,316.05,10316.05,3.1605,0.903,3.5,22610,791.35,10791.35,7.9135,"If these markets resolved in ~1 day, turnover_x approximates daily capital turnover before capacity/repeated-window limits.",Full historical+tracked resolved bucket projection from Monotonic Middle Outcomes; every resolved package in the bucket contributes via bucket ROI. Unknown/open packages reported separately and included only in the same-ROI projection columns.
bucket,1.005-1.02,1.005-1.02,80,10000.0,323,129,194,6,0.046512,10320,361.2,10361.2,3.612,1.032,3.5,25840,904.4,10904.4,9.044,"If these markets resolved in ~1 day, turnover_x approximates daily capital turnover before capacity/repeated-window limits.",Full historical+tracked resolved bucket projection from Monotonic Middle Outcomes; every resolved package in the bucket contributes via bucket ROI. Unknown/open packages reported separately and included only in the same-ROI projection columns.
bucket,1.005-1.02,1.005-1.02,90,10000.0,323,129,194,6,0.046512,11610,406.35,10406.35,4.0635,1.161,3.5,29070,1017.45,11017.45,10.1745,"If these markets resolved in ~1 day, turnover_x approximates daily capital turnover before capacity/repeated-window limits.",Full historical+tracked resolved bucket projection from Monotonic Middle Outcomes; every resolved package in the bucket contributes via bucket ROI. Unknown/open packages reported separately and included only in the same-ROI projection columns.
bucket,1.005-1.02,1.005-1.02,100,10000.0,323,129,194,6,0.046512,12900,451.5,10451.5,4.515,1.29,3.5,32300,1130.5,11130.5,11.305,"If these markets resolved in ~1 day, turnover_x approximates daily capital turnover before capacity/repeated-window limits.",Full historical+tracked resolved bucket projection from Monotonic Middle Outcomes; every resolved package in the bucket contributes via bucket ROI. Unknown/open packages reported separately and included only in the same-ROI projection columns.
bucket,1.005-1.02,1.005-1.02,150,10000.0,323,129,194,6,0.046512,19350,677.25,10677.25,6.7725,1.935,3.5,48450,1695.75,11695.75,16.9575,"If these markets resolved in ~1 day, turnover_x approximates daily capital turnover before capacity/repeated-window limits.",Full historical+tracked resolved bucket projection from Monotonic Middle Outcomes; every resolved package in the bucket contributes via bucket ROI. Unknown/open packages reported separately and included only in the same-ROI projection columns.
bucket,1.005-1.02,1.005-1.02,200,10000.0,323,129,194,6,0.046512,25800,903.0,10903.0,9.03,2.58,3.5,64600,2261.0,12261.0,22.61,"If these markets resolved in ~1 day, turnover_x approximates daily capital turnover before capacity/repeated-window limits.",Full historical+tracked resolved bucket projection from Monotonic Middle Outcomes; every resolved package in the bucket contributes via bucket ROI. Unknown/open packages reported separately and included only in the same-ROI projection columns.
bucket,1.02-1.05,1.02-1.05,10,10000.0,305,72,233,4,0.055556,720,12.24,10012.24,0.1224,0.072,1.7,3050,51.85,10051.85,0.5185,"If these markets resolved in ~1 day, turnover_x approximates daily capital turnover before capacity/repeated-window limits.",Full historical+tracked resolved bucket projection from Monotonic Middle Outcomes; every resolved package in the bucket contributes via bucket ROI. Unknown/open packages reported separately and included only in the same-ROI projection columns.
bucket,1.02-1.05,1.02-1.05,20,10000.0,305,72,233,4,0.055556,1440,24.48,10024.48,0.2448,0.144,1.7,6100,103.7,10103.7,1.037,"If these markets resolved in ~1 day, turnover_x approximates daily capital turnover before capacity/repeated-window limits.",Full historical+tracked resolved bucket projection from Monotonic Middle Outcomes; every resolved package in the bucket contributes via bucket ROI. Unknown/open packages reported separately and included only in the same-ROI projection columns.
bucket,1.02-1.05,1.02-1.05,30,10000.0,305,72,233,4,0.055556,2160,36.72,10036.72,0.3672,0.216,1.7,9150,155.55,10155.55,1.5555,"If these markets resolved in ~1 day, turnover_x approximates daily capital turnover before capacity/repeated-window limits.",Full historical+tracked resolved bucket projection from Monotonic Middle Outcomes; every resolved package in the bucket contributes via bucket ROI. Unknown/open packages reported separately and included only in the same-ROI projection columns.
bucket,1.02-1.05,1.02-1.05,40,10000.0,305,72,233,4,0.055556,2880,48.96,10048.96,0.4896,0.288,1.7,12200,207.4,10207.4,2.074,"If these markets resolved in ~1 day, turnover_x approximates daily capital turnover before capacity/repeated-window limits.",Full historical+tracked resolved bucket projection from Monotonic Middle Outcomes; every resolved package in the bucket contributes via bucket ROI. Unknown/open packages reported separately and included only in the same-ROI projection columns.
bucket,1.02-1.05,1.02-1.05,50,10000.0,305,72,233,4,0.055556,3600,61.2,10061.2,0.612,0.36,1.7,15250,259.25,10259.25,2.5925,"If these markets resolved in ~1 day, turnover_x approximates daily capital turnover before capacity/repeated-window limits.",Full historical+tracked resolved bucket projection from Monotonic Middle Outcomes; every resolved package in the bucket contributes via bucket ROI. Unknown/open packages reported separately and included only in the same-ROI projection columns.
bucket,1.02-1.05,1.02-1.05,60,10000.0,305,72,233,4,0.055556,4320,73.44,10073.44,0.7344,0.432,1.7,18300,311.1,10311.1,3.111,"If these markets resolved in ~1 day, turnover_x approximates daily capital turnover before capacity/repeated-window limits.",Full historical+tracked resolved bucket projection from Monotonic Middle Outcomes; every resolved package in the bucket contributes via bucket ROI. Unknown/open packages reported separately and included only in the same-ROI projection columns.
bucket,1.02-1.05,1.02-1.05,70,10000.0,305,72,233,4,0.055556,5040,85.68,10085.68,0.8568,0.504,1.7,21350,362.95,10362.95,3.6295,"If these markets resolved in ~1 day, turnover_x approximates daily capital turnover before capacity/repeated-window limits.",Full historical+tracked resolved bucket projection from Monotonic Middle Outcomes; every resolved package in the bucket contributes via bucket ROI. Unknown/open packages reported separately and included only in the same-ROI projection columns.
bucket,1.02-1.05,1.02-1.05,80,10000.0,305,72,233,4,0.055556,5760,97.92,10097.92,0.9792,0.576,1.7,24400,414.8,10414.8,4.148,"If these markets resolved in ~1 day, turnover_x approximates daily capital turnover before capacity/repeated-window limits.",Full historical+tracked resolved bucket projection from Monotonic Middle Outcomes; every resolved package in the bucket contributes via bucket ROI. Unknown/open packages reported separately and included only in the same-ROI projection columns.
bucket,1.02-1.05,1.02-1.05,90,10000.0,305,72,233,4,0.055556,6480,110.16,10110.16,1.1016,0.648,1.7,27450,466.65,10466.65,4.6665,"If these markets resolved in ~1 day, turnover_x approximates daily capital turnover before capacity/repeated-window limits.",Full historical+tracked resolved bucket projection from Monotonic Middle Outcomes; every resolved package in the bucket contributes via bucket ROI. Unknown/open packages reported separately and included only in the same-ROI projection columns.
bucket,1.02-1.05,1.02-1.05,100,10000.0,305,72,233,4,0.055556,7200,122.4,10122.4,1.224,0.72,1.7,30500,518.5,10518.5,5.185,"If these markets resolved in ~1 day, turnover_x approximates daily capital turnover before capacity/repeated-window limits.",Full historical+tracked resolved bucket projection from Monotonic Middle Outcomes; every resolved package in the bucket contributes via bucket ROI. Unknown/open packages reported separately and included only in the same-ROI projection columns.
bucket,1.02-1.05,1.02-1.05,150,10000.0,305,72,233,4,0.055556,10800,183.6,10183.6,1.836,1.08,1.7,45750,777.75,10777.75,7.7775,"If these markets resolved in ~1 day, turnover_x approximates daily capital turnover before capacity/repeated-window limits.",Full historical+tracked resolved bucket projection from Monotonic Middle Outcomes; every resolved package in the bucket contributes via bucket ROI. Unknown/open packages reported separately and included only in the same-ROI projection columns.
bucket,1.02-1.05,1.02-1.05,200,10000.0,305,72,233,4,0.055556,14400,244.8,10244.8,2.448,1.44,1.7,61000,1037.0,11037.0,10.37,"If these markets resolved in ~1 day, turnover_x approximates daily capital turnover before capacity/repeated-window limits.",Full historical+tracked resolved bucket projection from Monotonic Middle Outcomes; every resolved package in the bucket contributes via bucket ROI. Unknown/open packages reported separately and included only in the same-ROI projection columns.
bucket,1.05-1.10,1.05-1.10,10,10000.0,568,275,293,34,0.123636,2750,110.0,10110.0,1.1,0.275,4.0,5680,227.2,10227.2,2.272,"If these markets resolved in ~1 day, turnover_x approximates daily capital turnover before capacity/repeated-window limits.",Full historical+tracked resolved bucket projection from Monotonic Middle Outcomes; every resolved package in the bucket contributes via bucket ROI. Unknown/open packages reported separately and included only in the same-ROI projection columns.
bucket,1.05-1.10,1.05-1.10,20,10000.0,568,275,293,34,0.123636,5500,220.0,10220.0,2.2,0.55,4.0,11360,454.4,10454.4,4.544,"If these markets resolved in ~1 day, turnover_x approximates daily capital turnover before capacity/repeated-window limits.",Full historical+tracked resolved bucket projection from Monotonic Middle Outcomes; every resolved package in the bucket contributes via bucket ROI. Unknown/open packages reported separately and included only in the same-ROI projection columns.
bucket,1.05-1.10,1.05-1.10,30,10000.0,568,275,293,34,0.123636,8250,330.0,10330.0,3.3,0.825,4.0,17040,681.6,10681.6,6.816,"If these markets resolved in ~1 day, turnover_x approximates daily capital turnover before capacity/repeated-window limits.",Full historical+tracked resolved bucket projection from Monotonic Middle Outcomes; every resolved package in the bucket contributes via bucket ROI. Unknown/open packages reported separately and included only in the same-ROI projection columns.
bucket,1.05-1.10,1.05-1.10,40,10000.0,568,275,293,34,0.123636,11000,440.0,10440.0,4.4,1.1,4.0,22720,908.8,10908.8,9.088,"If these markets resolved in ~1 day, turnover_x approximates daily capital turnover before capacity/repeated-window limits.",Full historical+tracked resolved bucket projection from Monotonic Middle Outcomes; every resolved package in the bucket contributes via bucket ROI. Unknown/open packages reported separately and included only in the same-ROI projection columns.
bucket,1.05-1.10,1.05-1.10,50,10000.0,568,275,293,34,0.123636,13750,550.0,10550.0,5.5,1.375,4.0,28400,1136.0,11136.0,11.36,"If these markets resolved in ~1 day, turnover_x approximates daily capital turnover before capacity/repeated-window limits.",Full historical+tracked resolved bucket projection from Monotonic Middle Outcomes; every resolved package in the bucket contributes via bucket ROI. Unknown/open packages reported separately and included only in the same-ROI projection columns.
bucket,1.05-1.10,1.05-1.10,60,10000.0,568,275,293,34,0.123636,16500,660.0,10660.0,6.6,1.65,4.0,34080,1363.2,11363.2,13.632,"If these markets resolved in ~1 day, turnover_x approximates daily capital turnover before capacity/repeated-window limits.",Full historical+tracked resolved bucket projection from Monotonic Middle Outcomes; every resolved package in the bucket contributes via bucket ROI. Unknown/open packages reported separately and included only in the same-ROI projection columns.
bucket,1.05-1.10,1.05-1.10,70,10000.0,568,275,293,34,0.123636,19250,770.0,10770.0,7.7,1.925,4.0,39760,1590.4,11590.4,15.904,"If these markets resolved in ~1 day, turnover_x approximates daily capital turnover before capacity/repeated-window limits.",Full historical+tracked resolved bucket projection from Monotonic Middle Outcomes; every resolved package in the bucket contributes via bucket ROI. Unknown/open packages reported separately and included only in the same-ROI projection columns.
bucket,1.05-1.10,1.05-1.10,80,10000.0,568,275,293,34,0.123636,22000,880.0,10880.0,8.8,2.2,4.0,45440,1817.6,11817.6,18.176,"If these markets resolved in ~1 day, turnover_x approximates daily capital turnover before capacity/repeated-window limits.",Full historical+tracked resolved bucket projection from Monotonic Middle Outcomes; every resolved package in the bucket contributes via bucket ROI. Unknown/open packages reported separately and included only in the same-ROI projection columns.
bucket,1.05-1.10,1.05-1.10,90,10000.0,568,275,293,34,0.123636,24750,990.0,10990.0,9.9,2.475,4.0,51120,2044.8,12044.8,20.448,"If these markets resolved in ~1 day, turnover_x approximates daily capital turnover before capacity/repeated-window limits.",Full historical+tracked resolved bucket projection from Monotonic Middle Outcomes; every resolved package in the bucket contributes via bucket ROI. Unknown/open packages reported separately and included only in the same-ROI projection columns.
bucket,1.05-1.10,1.05-1.10,100,10000.0,568,275,293,34,0.123636,27500,1100.0,11100.0,11.0,2.75,4.0,56800,2272.0,12272.0,22.72,"If these markets resolved in ~1 day, turnover_x approximates daily capital turnover before capacity/repeated-window limits.",Full historical+tracked resolved bucket projection from Monotonic Middle Outcomes; every resolved package in the bucket contributes via bucket ROI. Unknown/open packages reported separately and included only in the same-ROI projection columns.
bucket,1.05-1.10,1.05-1.10,150,10000.0,568,275,293,34,0.123636,41250,1650.0,11650.0,16.5,4.125,4.0,85200,3408.0,13408.0,34.08,"If these markets resolved in ~1 day, turnover_x approximates daily capital turnover before capacity/repeated-window limits.",Full historical+tracked resolved bucket projection from Monotonic Middle Outcomes; every resolved package in the bucket contributes via bucket ROI. Unknown/open packages reported separately and included only in the same-ROI projection columns.
bucket,1.05-1.10,1.05-1.10,200,10000.0,568,275,293,34,0.123636,55000,2200.0,12200.0,22.0,5.5,4.0,113600,4544.0,14544.0,45.44,"If these markets resolved in ~1 day, turnover_x approximates daily capital turnover before capacity/repeated-window limits.",Full historical+tracked resolved bucket projection from Monotonic Middle Outcomes; every resolved package in the bucket contributes via bucket ROI. Unknown/open packages reported separately and included only in the same-ROI projection columns.
bucket,1.10-1.16,1.10-1.16,10,10000.0,437,150,287,29,0.193333,1500,76.5,10076.5,0.765,0.15,5.1,4370,222.87,10222.87,2.2287,"If these markets resolved in ~1 day, turnover_x approximates daily capital turnover before capacity/repeated-window limits.",Full historical+tracked resolved bucket projection from Monotonic Middle Outcomes; every resolved package in the bucket contributes via bucket ROI. Unknown/open packages reported separately and included only in the same-ROI projection columns.
bucket,1.10-1.16,1.10-1.16,20,10000.0,437,150,287,29,0.193333,3000,153.0,10153.0,1.53,0.3,5.1,8740,445.74,10445.74,4.4574,"If these markets resolved in ~1 day, turnover_x approximates daily capital turnover before capacity/repeated-window limits.",Full historical+tracked resolved bucket projection from Monotonic Middle Outcomes; every resolved package in the bucket contributes via bucket ROI. Unknown/open packages reported separately and included only in the same-ROI projection columns.
bucket,1.10-1.16,1.10-1.16,30,10000.0,437,150,287,29,0.193333,4500,229.5,10229.5,2.295,0.45,5.1,13110,668.61,10668.61,6.6861,"If these markets resolved in ~1 day, turnover_x approximates daily capital turnover before capacity/repeated-window limits.",Full historical+tracked resolved bucket projection from Monotonic Middle Outcomes; every resolved package in the bucket contributes via bucket ROI. Unknown/open packages reported separately and included only in the same-ROI projection columns.
bucket,1.10-1.16,1.10-1.16,40,10000.0,437,150,287,29,0.193333,6000,306.0,10306.0,3.06,0.6,5.1,17480,891.48,10891.48,8.9148,"If these markets resolved in ~1 day, turnover_x approximates daily capital turnover before capacity/repeated-window limits.",Full historical+tracked resolved bucket projection from Monotonic Middle Outcomes; every resolved package in the bucket contributes via bucket ROI. Unknown/open packages reported separately and included only in the same-ROI projection columns.
bucket,1.10-1.16,1.10-1.16,50,10000.0,437,150,287,29,0.193333,7500,382.5,10382.5,3.825,0.75,5.1,21850,1114.35,11114.35,11.1435,"If these markets resolved in ~1 day, turnover_x approximates daily capital turnover before capacity/repeated-window limits.",Full historical+tracked resolved bucket projection from Monotonic Middle Outcomes; every resolved package in the bucket contributes via bucket ROI. Unknown/open packages reported separately and included only in the same-ROI projection columns.
bucket,1.10-1.16,1.10-1.16,60,10000.0,437,150,287,29,0.193333,9000,459.0,10459.0,4.59,0.9,5.1,26220,1337.22,11337.22,13.3722,"If these markets resolved in ~1 day, turnover_x approximates daily capital turnover before capacity/repeated-window limits.",Full historical+tracked resolved bucket projection from Monotonic Middle Outcomes; every resolved package in the bucket contributes via bucket ROI. Unknown/open packages reported separately and included only in the same-ROI projection columns.
bucket,1.10-1.16,1.10-1.16,70,10000.0,437,150,287,29,0.193333,10500,535.5,10535.5,5.355,1.05,5.1,30590,1560.09,11560.09,15.6009,"If these markets resolved in ~1 day, turnover_x approximates daily capital turnover before capacity/repeated-window limits.",Full historical+tracked resolved bucket projection from Monotonic Middle Outcomes; every resolved package in the bucket contributes via bucket ROI. Unknown/open packages reported separately and included only in the same-ROI projection columns.
bucket,1.10-1.16,1.10-1.16,80,10000.0,437,150,287,29,0.193333,12000,612.0,10612.0,6.12,1.2,5.1,34960,1782.96,11782.96,17.8296,"If these markets resolved in ~1 day, turnover_x approximates daily capital turnover before capacity/repeated-window limits.",Full historical+tracked resolved bucket projection from Monotonic Middle Outcomes; every resolved package in the bucket contributes via bucket ROI. Unknown/open packages reported separately and included only in the same-ROI projection columns.
bucket,1.10-1.16,1.10-1.16,90,10000.0,437,150,287,29,0.193333,13500,688.5,10688.5,6.885,1.35,5.1,39330,2005.83,12005.83,20.0583,"If these markets resolved in ~1 day, turnover_x approximates daily capital turnover before capacity/repeated-window limits.",Full historical+tracked resolved bucket projection from Monotonic Middle Outcomes; every resolved package in the bucket contributes via bucket ROI. Unknown/open packages reported separately and included only in the same-ROI projection columns.
bucket,1.10-1.16,1.10-1.16,100,10000.0,437,150,287,29,0.193333,15000,765.0,10765.0,7.65,1.5,5.1,43700,2228.7,12228.7,22.287,"If these markets resolved in ~1 day, turnover_x approximates daily capital turnover before capacity/repeated-window limits.",Full historical+tracked resolved bucket projection from Monotonic Middle Outcomes; every resolved package in the bucket contributes via bucket ROI. Unknown/open packages reported separately and included only in the same-ROI projection columns.
bucket,1.10-1.16,1.10-1.16,150,10000.0,437,150,287,29,0.193333,22500,1147.5,11147.5,11.475,2.25,5.1,65550,3343.05,13343.05,33.4305,"If these markets resolved in ~1 day, turnover_x approximates daily capital turnover before capacity/repeated-window limits.",Full historical+tracked resolved bucket projection from Monotonic Middle Outcomes; every resolved package in the bucket contributes via bucket ROI. Unknown/open packages reported separately and included only in the same-ROI projection columns.
bucket,1.10-1.16,1.10-1.16,200,10000.0,437,150,287,29,0.193333,30000,1530.0,11530.0,15.3,3.0,5.1,87400,4457.4,14457.4,44.574,"If these markets resolved in ~1 day, turnover_x approximates daily capital turnover before capacity/repeated-window limits.",Full historical+tracked resolved bucket projection from Monotonic Middle Outcomes; every resolved package in the bucket contributes via bucket ROI. Unknown/open packages reported separately and included only in the same-ROI projection columns.
bucket,1.16-1.25,1.16-1.25,10,10000.0,618,240,378,61,0.254167,2400,110.4,10110.4,1.104,0.24,4.6,6180,284.28,10284.28,2.8428,"If these markets resolved in ~1 day, turnover_x approximates daily capital turnover before capacity/repeated-window limits.",Full historical+tracked resolved bucket projection from Monotonic Middle Outcomes; every resolved package in the bucket contributes via bucket ROI. Unknown/open packages reported separately and included only in the same-ROI projection columns.
bucket,1.16-1.25,1.16-1.25,20,10000.0,618,240,378,61,0.254167,4800,220.8,10220.8,2.208,0.48,4.6,12360,568.56,10568.56,5.6856,"If these markets resolved in ~1 day, turnover_x approximates daily capital turnover before capacity/repeated-window limits.",Full historical+tracked resolved bucket projection from Monotonic Middle Outcomes; every resolved package in the bucket contributes via bucket ROI. Unknown/open packages reported separately and included only in the same-ROI projection columns.
bucket,1.16-1.25,1.16-1.25,30,10000.0,618,240,378,61,0.254167,7200,331.2,10331.2,3.312,0.72,4.6,18540,852.84,10852.84,8.5284,"If these markets resolved in ~1 day, turnover_x approximates daily capital turnover before capacity/repeated-window limits.",Full historical+tracked resolved bucket projection from Monotonic Middle Outcomes; every resolved package in the bucket contributes via bucket ROI. Unknown/open packages reported separately and included only in the same-ROI projection columns.
bucket,1.16-1.25,1.16-1.25,40,10000.0,618,240,378,61,0.254167,9600,441.6,10441.6,4.416,0.96,4.6,24720,1137.12,11137.12,11.3712,"If these markets resolved in ~1 day, turnover_x approximates daily capital turnover before capacity/repeated-window limits.",Full historical+tracked resolved bucket projection from Monotonic Middle Outcomes; every resolved package in the bucket contributes via bucket ROI. Unknown/open packages reported separately and included only in the same-ROI projection columns.
bucket,1.16-1.25,1.16-1.25,50,10000.0,618,240,378,61,0.254167,12000,552.0,10552.0,5.52,1.2,4.6,30900,1421.4,11421.4,14.214,"If these markets resolved in ~1 day, turnover_x approximates daily capital turnover before capacity/repeated-window limits.",Full historical+tracked resolved bucket projection from Monotonic Middle Outcomes; every resolved package in the bucket contributes via bucket ROI. Unknown/open packages reported separately and included only in the same-ROI projection columns.
bucket,1.16-1.25,1.16-1.25,60,10000.0,618,240,378,61,0.254167,14400,662.4,10662.4,6.624,1.44,4.6,37080,1705.68,11705.68,17.0568,"If these markets resolved in ~1 day, turnover_x approximates daily capital turnover before capacity/repeated-window limits.",Full historical+tracked resolved bucket projection from Monotonic Middle Outcomes; every resolved package in the bucket contributes via bucket ROI. Unknown/open packages reported separately and included only in the same-ROI projection columns.
bucket,1.16-1.25,1.16-1.25,70,10000.0,618,240,378,61,0.254167,16800,772.8,10772.8,7.728,1.68,4.6,43260,1989.96,11989.96,19.8996,"If these markets resolved in ~1 day, turnover_x approximates daily capital turnover before capacity/repeated-window limits.",Full historical+tracked resolved bucket projection from Monotonic Middle Outcomes; every resolved package in the bucket contributes via bucket ROI. Unknown/open packages reported separately and included only in the same-ROI projection columns.
bucket,1.16-1.25,1.16-1.25,80,10000.0,618,240,378,61,0.254167,19200,883.2,10883.2,8.832,1.92,4.6,49440,2274.24,12274.24,22.7424,"If these markets resolved in ~1 day, turnover_x approximates daily capital turnover before capacity/repeated-window limits.",Full historical+tracked resolved bucket projection from Monotonic Middle Outcomes; every resolved package in the bucket contributes via bucket ROI. Unknown/open packages reported separately and included only in the same-ROI projection columns.
bucket,1.16-1.25,1.16-1.25,90,10000.0,618,240,378,61,0.254167,21600,993.6,10993.6,9.936,2.16,4.6,55620,2558.52,12558.52,25.5852,"If these markets resolved in ~1 day, turnover_x approximates daily capital turnover before capacity/repeated-window limits.",Full historical+tracked resolved bucket projection from Monotonic Middle Outcomes; every resolved package in the bucket contributes via bucket ROI. Unknown/open packages reported separately and included only in the same-ROI projection columns.
bucket,1.16-1.25,1.16-1.25,100,10000.0,618,240,378,61,0.254167,24000,1104.0,11104.0,11.04,2.4,4.6,61800,2842.8,12842.8,28.428,"If these markets resolved in ~1 day, turnover_x approximates daily capital turnover before capacity/repeated-window limits.",Full historical+tracked resolved bucket projection from Monotonic Middle Outcomes; every resolved package in the bucket contributes via bucket ROI. Unknown/open packages reported separately and included only in the same-ROI projection columns.
bucket,1.16-1.25,1.16-1.25,150,10000.0,618,240,378,61,0.254167,36000,1656.0,11656.0,16.56,3.6,4.6,92700,4264.2,14264.2,42.642,"If these markets resolved in ~1 day, turnover_x approximates daily capital turnover before capacity/repeated-window limits.",Full historical+tracked resolved bucket projection from Monotonic Middle Outcomes; every resolved package in the bucket contributes via bucket ROI. Unknown/open packages reported separately and included only in the same-ROI projection columns.
bucket,1.16-1.25,1.16-1.25,200,10000.0,618,240,378,61,0.254167,48000,2208.0,12208.0,22.08,4.8,4.6,123600,5685.6,15685.6,56.856,"If these markets resolved in ~1 day, turnover_x approximates daily capital turnover before capacity/repeated-window limits.",Full historical+tracked resolved bucket projection from Monotonic Middle Outcomes; every resolved package in the bucket contributes via bucket ROI. Unknown/open packages reported separately and included only in the same-ROI projection columns.
bucket,>1.25,>1.25,10,10000.0,1751,501,1250,296,0.590818,5010,235.47,10235.47,2.3547,0.501,4.7,17510,822.97,10822.97,8.2297,"If these markets resolved in ~1 day, turnover_x approximates daily capital turnover before capacity/repeated-window limits.",Full historical+tracked resolved bucket projection from Monotonic Middle Outcomes; every resolved package in the bucket contributes via bucket ROI. Unknown/open packages reported separately and included only in the same-ROI projection columns.
bucket,>1.25,>1.25,20,10000.0,1751,501,1250,296,0.590818,10020,470.94,10470.94,4.7094,1.002,4.7,35020,1645.94,11645.94,16.4594,"If these markets resolved in ~1 day, turnover_x approximates daily capital turnover before capacity/repeated-window limits.",Full historical+tracked resolved bucket projection from Monotonic Middle Outcomes; every resolved package in the bucket contributes via bucket ROI. Unknown/open packages reported separately and included only in the same-ROI projection columns.
bucket,>1.25,>1.25,30,10000.0,1751,501,1250,296,0.590818,15030,706.41,10706.41,7.0641,1.503,4.7,52530,2468.91,12468.91,24.6891,"If these markets resolved in ~1 day, turnover_x approximates daily capital turnover before capacity/repeated-window limits.",Full historical+tracked resolved bucket projection from Monotonic Middle Outcomes; every resolved package in the bucket contributes via bucket ROI. Unknown/open packages reported separately and included only in the same-ROI projection columns.
bucket,>1.25,>1.25,40,10000.0,1751,501,1250,296,0.590818,20040,941.88,10941.88,9.4188,2.004,4.7,70040,3291.88,13291.88,32.9188,"If these markets resolved in ~1 day, turnover_x approximates daily capital turnover before capacity/repeated-window limits.",Full historical+tracked resolved bucket projection from Monotonic Middle Outcomes; every resolved package in the bucket contributes via bucket ROI. Unknown/open packages reported separately and included only in the same-ROI projection columns.
bucket,>1.25,>1.25,50,10000.0,1751,501,1250,296,0.590818,25050,1177.35,11177.35,11.7735,2.505,4.7,87550,4114.85,14114.85,41.1485,"If these markets resolved in ~1 day, turnover_x approximates daily capital turnover before capacity/repeated-window limits.",Full historical+tracked resolved bucket projection from Monotonic Middle Outcomes; every resolved package in the bucket contributes via bucket ROI. Unknown/open packages reported separately and included only in the same-ROI projection columns.
bucket,>1.25,>1.25,60,10000.0,1751,501,1250,296,0.590818,30060,1412.82,11412.82,14.1282,3.006,4.7,105060,4937.82,14937.82,49.3782,"If these markets resolved in ~1 day, turnover_x approximates daily capital turnover before capacity/repeated-window limits.",Full historical+tracked resolved bucket projection from Monotonic Middle Outcomes; every resolved package in the bucket contributes via bucket ROI. Unknown/open packages reported separately and included only in the same-ROI projection columns.
bucket,>1.25,>1.25,70,10000.0,1751,501,1250,296,0.590818,35070,1648.29,11648.29,16.4829,3.507,4.7,122570,5760.79,15760.79,57.6079,"If these markets resolved in ~1 day, turnover_x approximates daily capital turnover before capacity/repeated-window limits.",Full historical+tracked resolved bucket projection from Monotonic Middle Outcomes; every resolved package in the bucket contributes via bucket ROI. Unknown/open packages reported separately and included only in the same-ROI projection columns.
bucket,>1.25,>1.25,80,10000.0,1751,501,1250,296,0.590818,40080,1883.76,11883.76,18.8376,4.008,4.7,140080,6583.76,16583.76,65.8376,"If these markets resolved in ~1 day, turnover_x approximates daily capital turnover before capacity/repeated-window limits.",Full historical+tracked resolved bucket projection from Monotonic Middle Outcomes; every resolved package in the bucket contributes via bucket ROI. Unknown/open packages reported separately and included only in the same-ROI projection columns.
bucket,>1.25,>1.25,90,10000.0,1751,501,1250,296,0.590818,45090,2119.23,12119.23,21.1923,4.509,4.7,157590,7406.73,17406.73,74.0673,"If these markets resolved in ~1 day, turnover_x approximates daily capital turnover before capacity/repeated-window limits.",Full historical+tracked resolved bucket projection from Monotonic Middle Outcomes; every resolved package in the bucket contributes via bucket ROI. Unknown/open packages reported separately and included only in the same-ROI projection columns.
bucket,>1.25,>1.25,100,10000.0,1751,501,1250,296,0.590818,50100,2354.7,12354.7,23.547,5.01,4.7,175100,8229.7,18229.7,82.297,"If these markets resolved in ~1 day, turnover_x approximates daily capital turnover before capacity/repeated-window limits.",Full historical+tracked resolved bucket projection from Monotonic Middle Outcomes; every resolved package in the bucket contributes via bucket ROI. Unknown/open packages reported separately and included only in the same-ROI projection columns.
bucket,>1.25,>1.25,150,10000.0,1751,501,1250,296,0.590818,75150,3532.05,13532.05,35.3205,7.515,4.7,262650,12344.55,22344.55,123.4455,"If these markets resolved in ~1 day, turnover_x approximates daily capital turnover before capacity/repeated-window limits.",Full historical+tracked resolved bucket projection from Monotonic Middle Outcomes; every resolved package in the bucket contributes via bucket ROI. Unknown/open packages reported separately and included only in the same-ROI projection columns.
bucket,>1.25,>1.25,200,10000.0,1751,501,1250,296,0.590818,100200,4709.4,14709.4,47.094,10.02,4.7,350200,16459.4,26459.4,164.594,"If these markets resolved in ~1 day, turnover_x approximates daily capital turnover before capacity/repeated-window limits.",Full historical+tracked resolved bucket projection from Monotonic Middle Outcomes; every resolved package in the bucket contributes via bucket ROI. Unknown/open packages reported separately and included only in the same-ROI projection columns.
blend,blend_all_buckets,<1.000|1.000-1.005|1.005-1.02|1.02-1.05|1.05-1.10|1.10-1.16|1.16-1.25|>1.25,10,10000.0,4315,1610,2705,433,0.268944,16100,659.45,10659.45,6.5945,1.61,4.096,43150,1767.41,11767.41,17.6741,"If these markets resolved in ~1 day, turnover_x approximates daily capital turnover before capacity/repeated-window limits.",Full historical+tracked resolved bucket projection from Monotonic Middle Outcomes; every resolved package in the bucket contributes via bucket ROI. Unknown/open packages reported separately and included only in the same-ROI projection columns.
blend,blend_all_buckets,<1.000|1.000-1.005|1.005-1.02|1.02-1.05|1.05-1.10|1.10-1.16|1.16-1.25|>1.25,20,10000.0,4315,1610,2705,433,0.268944,32200,1318.9,11318.9,13.189,3.22,4.096,86300,3534.82,13534.82,35.3482,"If these markets resolved in ~1 day, turnover_x approximates daily capital turnover before capacity/repeated-window limits.",Full historical+tracked resolved bucket projection from Monotonic Middle Outcomes; every resolved package in the bucket contributes via bucket ROI. Unknown/open packages reported separately and included only in the same-ROI projection columns.
blend,blend_all_buckets,<1.000|1.000-1.005|1.005-1.02|1.02-1.05|1.05-1.10|1.10-1.16|1.16-1.25|>1.25,30,10000.0,4315,1610,2705,433,0.268944,48300,1978.35,11978.35,19.7835,4.83,4.096,129450,5302.22,15302.22,53.0222,"If these markets resolved in ~1 day, turnover_x approximates daily capital turnover before capacity/repeated-window limits.",Full historical+tracked resolved bucket projection from Monotonic Middle Outcomes; every resolved package in the bucket contributes via bucket ROI. Unknown/open packages reported separately and included only in the same-ROI projection columns.
blend,blend_all_buckets,<1.000|1.000-1.005|1.005-1.02|1.02-1.05|1.05-1.10|1.10-1.16|1.16-1.25|>1.25,40,10000.0,4315,1610,2705,433,0.268944,64400,2637.8,12637.8,26.378,6.44,4.096,172600,7069.63,17069.63,70.6963,"If these markets resolved in ~1 day, turnover_x approximates daily capital turnover before capacity/repeated-window limits.",Full historical+tracked resolved bucket projection from Monotonic Middle Outcomes; every resolved package in the bucket contributes via bucket ROI. Unknown/open packages reported separately and included only in the same-ROI projection columns.
blend,blend_all_buckets,<1.000|1.000-1.005|1.005-1.02|1.02-1.05|1.05-1.10|1.10-1.16|1.16-1.25|>1.25,50,10000.0,4315,1610,2705,433,0.268944,80500,3297.25,13297.25,32.9725,8.05,4.096,215750,8837.04,18837.04,88.3704,"If these markets resolved in ~1 day, turnover_x approximates daily capital turnover before capacity/repeated-window limits.",Full historical+tracked resolved bucket projection from Monotonic Middle Outcomes; every resolved package in the bucket contributes via bucket ROI. Unknown/open packages reported separately and included only in the same-ROI projection columns.
blend,blend_all_buckets,<1.000|1.000-1.005|1.005-1.02|1.02-1.05|1.05-1.10|1.10-1.16|1.16-1.25|>1.25,60,10000.0,4315,1610,2705,433,0.268944,96600,3956.7,13956.7,39.567,9.66,4.096,258900,10604.45,20604.45,106.0445,"If these markets resolved in ~1 day, turnover_x approximates daily capital turnover before capacity/repeated-window limits.",Full historical+tracked resolved bucket projection from Monotonic Middle Outcomes; every resolved package in the bucket contributes via bucket ROI. Unknown/open packages reported separately and included only in the same-ROI projection columns.
blend,blend_all_buckets,<1.000|1.000-1.005|1.005-1.02|1.02-1.05|1.05-1.10|1.10-1.16|1.16-1.25|>1.25,70,10000.0,4315,1610,2705,433,0.268944,112700,4616.15,14616.15,46.1615,11.27,4.096,302050,12371.86,22371.86,123.7186,"If these markets resolved in ~1 day, turnover_x approximates daily capital turnover before capacity/repeated-window limits.",Full historical+tracked resolved bucket projection from Monotonic Middle Outcomes; every resolved package in the bucket contributes via bucket ROI. Unknown/open packages reported separately and included only in the same-ROI projection columns.
blend,blend_all_buckets,<1.000|1.000-1.005|1.005-1.02|1.02-1.05|1.05-1.10|1.10-1.16|1.16-1.25|>1.25,80,10000.0,4315,1610,2705,433,0.268944,128800,5275.6,15275.6,52.756,12.88,4.096,345200,14139.26,24139.26,141.3926,"If these markets resolved in ~1 day, turnover_x approximates daily capital turnover before capacity/repeated-window limits.",Full historical+tracked resolved bucket projection from Monotonic Middle Outcomes; every resolved package in the bucket contributes via bucket ROI. Unknown/open packages reported separately and included only in the same-ROI projection columns.
blend,blend_all_buckets,<1.000|1.000-1.005|1.005-1.02|1.02-1.05|1.05-1.10|1.10-1.16|1.16-1.25|>1.25,90,10000.0,4315,1610,2705,433,0.268944,144900,5935.05,15935.05,59.3505,14.49,4.096,388350,15906.67,25906.67,159.0667,"If these markets resolved in ~1 day, turnover_x approximates daily capital turnover before capacity/repeated-window limits.",Full historical+tracked resolved bucket projection from Monotonic Middle Outcomes; every resolved package in the bucket contributes via bucket ROI. Unknown/open packages reported separately and included only in the same-ROI projection columns.
blend,blend_all_buckets,<1.000|1.000-1.005|1.005-1.02|1.02-1.05|1.05-1.10|1.10-1.16|1.16-1.25|>1.25,100,10000.0,4315,1610,2705,433,0.268944,161000,6594.5,16594.5,65.945,16.1,4.096,431500,17674.08,27674.08,176.7408,"If these markets resolved in ~1 day, turnover_x approximates daily capital turnover before capacity/repeated-window limits.",Full historical+tracked resolved bucket projection from Monotonic Middle Outcomes; every resolved package in the bucket contributes via bucket ROI. Unknown/open packages reported separately and included only in the same-ROI projection columns.
blend,blend_all_buckets,<1.000|1.000-1.005|1.005-1.02|1.02-1.05|1.05-1.10|1.10-1.16|1.16-1.25|>1.25,150,10000.0,4315,1610,2705,433,0.268944,241500,9891.75,19891.75,98.9175,24.15,4.096,647250,26511.12,36511.12,265.1112,"If these markets resolved in ~1 day, turnover_x approximates daily capital turnover before capacity/repeated-window limits.",Full historical+tracked resolved bucket projection from Monotonic Middle Outcomes; every resolved package in the bucket contributes via bucket ROI. Unknown/open packages reported separately and included only in the same-ROI projection columns.
blend,blend_all_buckets,<1.000|1.000-1.005|1.005-1.02|1.02-1.05|1.05-1.10|1.10-1.16|1.16-1.25|>1.25,200,10000.0,4315,1610,2705,433,0.268944,322000,13189.0,23189.0,131.89,32.2,4.096,863000,35348.16,45348.16,353.4816,"If these markets resolved in ~1 day, turnover_x approximates daily capital turnover before capacity/repeated-window limits.",Full historical+tracked resolved bucket projection from Monotonic Middle Outcomes; every resolved package in the bucket contributes via bucket ROI. Unknown/open packages reported separately and included only in the same-ROI projection columns.
blend,blend_clean_to_1.02,<1.000|1.000-1.005|1.005-1.02,10,10000.0,636,372,264,9,0.024194,3720,114.84,10114.84,1.1484,0.372,3.0871,6360,196.34,10196.34,1.9634,"If these markets resolved in ~1 day, turnover_x approximates daily capital turnover before capacity/repeated-window limits.",Full historical+tracked resolved bucket projection from Monotonic Middle Outcomes; every resolved package in the bucket contributes via bucket ROI. Unknown/open packages reported separately and included only in the same-ROI projection columns.
blend,blend_clean_to_1.02,<1.000|1.000-1.005|1.005-1.02,20,10000.0,636,372,264,9,0.024194,7440,229.68,10229.68,2.2968,0.744,3.0871,12720,392.68,10392.68,3.9268,"If these markets resolved in ~1 day, turnover_x approximates daily capital turnover before capacity/repeated-window limits.",Full historical+tracked resolved bucket projection from Monotonic Middle Outcomes; every resolved package in the bucket contributes via bucket ROI. Unknown/open packages reported separately and included only in the same-ROI projection columns.
blend,blend_clean_to_1.02,<1.000|1.000-1.005|1.005-1.02,30,10000.0,636,372,264,9,0.024194,11160,344.52,10344.52,3.4452,1.116,3.0871,19080,589.02,10589.02,5.8902,"If these markets resolved in ~1 day, turnover_x approximates daily capital turnover before capacity/repeated-window limits.",Full historical+tracked resolved bucket projection from Monotonic Middle Outcomes; every resolved package in the bucket contributes via bucket ROI. Unknown/open packages reported separately and included only in the same-ROI projection columns.
blend,blend_clean_to_1.02,<1.000|1.000-1.005|1.005-1.02,40,10000.0,636,372,264,9,0.024194,14880,459.36,10459.36,4.5936,1.488,3.0871,25440,785.36,10785.36,7.8536,"If these markets resolved in ~1 day, turnover_x approximates daily capital turnover before capacity/repeated-window limits.",Full historical+tracked resolved bucket projection from Monotonic Middle Outcomes; every resolved package in the bucket contributes via bucket ROI. Unknown/open packages reported separately and included only in the same-ROI projection columns.
blend,blend_clean_to_1.02,<1.000|1.000-1.005|1.005-1.02,50,10000.0,636,372,264,9,0.024194,18600,574.2,10574.2,5.742,1.86,3.0871,31800,981.7,10981.7,9.817,"If these markets resolved in ~1 day, turnover_x approximates daily capital turnover before capacity/repeated-window limits.",Full historical+tracked resolved bucket projection from Monotonic Middle Outcomes; every resolved package in the bucket contributes via bucket ROI. Unknown/open packages reported separately and included only in the same-ROI projection columns.
blend,blend_clean_to_1.02,<1.000|1.000-1.005|1.005-1.02,60,10000.0,636,372,264,9,0.024194,22320,689.04,10689.04,6.8904,2.232,3.0871,38160,1178.04,11178.04,11.7804,"If these markets resolved in ~1 day, turnover_x approximates daily capital turnover before capacity/repeated-window limits.",Full historical+tracked resolved bucket projection from Monotonic Middle Outcomes; every resolved package in the bucket contributes via bucket ROI. Unknown/open packages reported separately and included only in the same-ROI projection columns.
blend,blend_clean_to_1.02,<1.000|1.000-1.005|1.005-1.02,70,10000.0,636,372,264,9,0.024194,26040,803.88,10803.88,8.0388,2.604,3.0871,44520,1374.38,11374.38,13.7438,"If these markets resolved in ~1 day, turnover_x approximates daily capital turnover before capacity/repeated-window limits.",Full historical+tracked resolved bucket projection from Monotonic Middle Outcomes; every resolved package in the bucket contributes via bucket ROI. Unknown/open packages reported separately and included only in the same-ROI projection columns.
blend,blend_clean_to_1.02,<1.000|1.000-1.005|1.005-1.02,80,10000.0,636,372,264,9,0.024194,29760,918.72,10918.72,9.1872,2.976,3.0871,50880,1570.71,11570.71,15.7071,"If these markets resolved in ~1 day, turnover_x approximates daily capital turnover before capacity/repeated-window limits.",Full historical+tracked resolved bucket projection from Monotonic Middle Outcomes; every resolved package in the bucket contributes via bucket ROI. Unknown/open packages reported separately and included only in the same-ROI projection columns.
blend,blend_clean_to_1.02,<1.000|1.000-1.005|1.005-1.02,90,10000.0,636,372,264,9,0.024194,33480,1033.56,11033.56,10.3356,3.348,3.0871,57240,1767.05,11767.05,17.6705,"If these markets resolved in ~1 day, turnover_x approximates daily capital turnover before capacity/repeated-window limits.",Full historical+tracked resolved bucket projection from Monotonic Middle Outcomes; every resolved package in the bucket contributes via bucket ROI. Unknown/open packages reported separately and included only in the same-ROI projection columns.
blend,blend_clean_to_1.02,<1.000|1.000-1.005|1.005-1.02,100,10000.0,636,372,264,9,0.024194,37200,1148.4,11148.4,11.484,3.72,3.0871,63600,1963.39,11963.39,19.6339,"If these markets resolved in ~1 day, turnover_x approximates daily capital turnover before capacity/repeated-window limits.",Full historical+tracked resolved bucket projection from Monotonic Middle Outcomes; every resolved package in the bucket contributes via bucket ROI. Unknown/open packages reported separately and included only in the same-ROI projection columns.
blend,blend_clean_to_1.02,<1.000|1.000-1.005|1.005-1.02,150,10000.0,636,372,264,9,0.024194,55800,1722.6,11722.6,17.226,5.58,3.0871,95400,2945.09,12945.09,29.4509,"If these markets resolved in ~1 day, turnover_x approximates daily capital turnover before capacity/repeated-window limits.",Full historical+tracked resolved bucket projection from Monotonic Middle Outcomes; every resolved package in the bucket contributes via bucket ROI. Unknown/open packages reported separately and included only in the same-ROI projection columns.
blend,blend_clean_to_1.02,<1.000|1.000-1.005|1.005-1.02,200,10000.0,636,372,264,9,0.024194,74400,2296.8,12296.8,22.968,7.44,3.0871,127200,3926.79,13926.79,39.2679,"If these markets resolved in ~1 day, turnover_x approximates daily capital turnover before capacity/repeated-window limits.",Full historical+tracked resolved bucket projection from Monotonic Middle Outcomes; every resolved package in the bucket contributes via bucket ROI. Unknown/open packages reported separately and included only in the same-ROI projection columns.
blend,blend_1.005_to_1.10,1.005-1.02|1.02-1.05|1.05-1.10,10,10000.0,1196,476,720,44,0.092437,4760,167.39,10167.39,1.6739,0.476,3.5166,11960,420.58,10420.58,4.2058,"If these markets resolved in ~1 day, turnover_x approximates daily capital turnover before capacity/repeated-window limits.",Full historical+tracked resolved bucket projection from Monotonic Middle Outcomes; every resolved package in the bucket contributes via bucket ROI. Unknown/open packages reported separately and included only in the same-ROI projection columns.
blend,blend_1.005_to_1.10,1.005-1.02|1.02-1.05|1.05-1.10,20,10000.0,1196,476,720,44,0.092437,9520,334.78,10334.78,3.3478,0.952,3.5166,23920,841.17,10841.17,8.4117,"If these markets resolved in ~1 day, turnover_x approximates daily capital turnover before capacity/repeated-window limits.",Full historical+tracked resolved bucket projection from Monotonic Middle Outcomes; every resolved package in the bucket contributes via bucket ROI. Unknown/open packages reported separately and included only in the same-ROI projection columns.
blend,blend_1.005_to_1.10,1.005-1.02|1.02-1.05|1.05-1.10,30,10000.0,1196,476,720,44,0.092437,14280,502.17,10502.17,5.0217,1.428,3.5166,35880,1261.75,11261.75,12.6175,"If these markets resolved in ~1 day, turnover_x approximates daily capital turnover before capacity/repeated-window limits.",Full historical+tracked resolved bucket projection from Monotonic Middle Outcomes; every resolved package in the bucket contributes via bucket ROI. Unknown/open packages reported separately and included only in the same-ROI projection columns.
blend,blend_1.005_to_1.10,1.005-1.02|1.02-1.05|1.05-1.10,40,10000.0,1196,476,720,44,0.092437,19040,669.56,10669.56,6.6956,1.904,3.5166,47840,1682.34,11682.34,16.8234,"If these markets resolved in ~1 day, turnover_x approximates daily capital turnover before capacity/repeated-window limits.",Full historical+tracked resolved bucket projection from Monotonic Middle Outcomes; every resolved package in the bucket contributes via bucket ROI. Unknown/open packages reported separately and included only in the same-ROI projection columns.
blend,blend_1.005_to_1.10,1.005-1.02|1.02-1.05|1.05-1.10,50,10000.0,1196,476,720,44,0.092437,23800,836.95,10836.95,8.3695,2.38,3.5166,59800,2102.92,12102.92,21.0292,"If these markets resolved in ~1 day, turnover_x approximates daily capital turnover before capacity/repeated-window limits.",Full historical+tracked resolved bucket projection from Monotonic Middle Outcomes; every resolved package in the bucket contributes via bucket ROI. Unknown/open packages reported separately and included only in the same-ROI projection columns.
blend,blend_1.005_to_1.10,1.005-1.02|1.02-1.05|1.05-1.10,60,10000.0,1196,476,720,44,0.092437,28560,1004.34,11004.34,10.0434,2.856,3.5166,71760,2523.51,12523.51,25.2351,"If these markets resolved in ~1 day, turnover_x approximates daily capital turnover before capacity/repeated-window limits.",Full historical+tracked resolved bucket projection from Monotonic Middle Outcomes; every resolved package in the bucket contributes via bucket ROI. Unknown/open packages reported separately and included only in the same-ROI projection columns.
blend,blend_1.005_to_1.10,1.005-1.02|1.02-1.05|1.05-1.10,70,10000.0,1196,476,720,44,0.092437,33320,1171.73,11171.73,11.7173,3.332,3.5166,83720,2944.09,12944.09,29.4409,"If these markets resolved in ~1 day, turnover_x approximates daily capital turnover before capacity/repeated-window limits.",Full historical+tracked resolved bucket projection from Monotonic Middle Outcomes; every resolved package in the bucket contributes via bucket ROI. Unknown/open packages reported separately and included only in the same-ROI projection columns.
blend,blend_1.005_to_1.10,1.005-1.02|1.02-1.05|1.05-1.10,80,10000.0,1196,476,720,44,0.092437,38080,1339.12,11339.12,13.3912,3.808,3.5166,95680,3364.68,13364.68,33.6468,"If these markets resolved in ~1 day, turnover_x approximates daily capital turnover before capacity/repeated-window limits.",Full historical+tracked resolved bucket projection from Monotonic Middle Outcomes; every resolved package in the bucket contributes via bucket ROI. Unknown/open packages reported separately and included only in the same-ROI projection columns.
blend,blend_1.005_to_1.10,1.005-1.02|1.02-1.05|1.05-1.10,90,10000.0,1196,476,720,44,0.092437,42840,1506.51,11506.51,15.0651,4.284,3.5166,107640,3785.26,13785.26,37.8526,"If these markets resolved in ~1 day, turnover_x approximates daily capital turnover before capacity/repeated-window limits.",Full historical+tracked resolved bucket projection from Monotonic Middle Outcomes; every resolved package in the bucket contributes via bucket ROI. Unknown/open packages reported separately and included only in the same-ROI projection columns.
blend,blend_1.005_to_1.10,1.005-1.02|1.02-1.05|1.05-1.10,100,10000.0,1196,476,720,44,0.092437,47600,1673.9,11673.9,16.739,4.76,3.5166,119600,4205.85,14205.85,42.0585,"If these markets resolved in ~1 day, turnover_x approximates daily capital turnover before capacity/repeated-window limits.",Full historical+tracked resolved bucket projection from Monotonic Middle Outcomes; every resolved package in the bucket contributes via bucket ROI. Unknown/open packages reported separately and included only in the same-ROI projection columns.
blend,blend_1.005_to_1.10,1.005-1.02|1.02-1.05|1.05-1.10,150,10000.0,1196,476,720,44,0.092437,71400,2510.85,12510.85,25.1085,7.14,3.5166,179400,6308.77,16308.77,63.0877,"If these markets resolved in ~1 day, turnover_x approximates daily capital turnover before capacity/repeated-window limits.",Full historical+tracked resolved bucket projection from Monotonic Middle Outcomes; every resolved package in the bucket contributes via bucket ROI. Unknown/open packages reported separately and included only in the same-ROI projection columns.
blend,blend_1.005_to_1.10,1.005-1.02|1.02-1.05|1.05-1.10,200,10000.0,1196,476,720,44,0.092437,95200,3347.8,13347.8,33.478,9.52,3.5166,239200,8411.7,18411.7,84.117,"If these markets resolved in ~1 day, turnover_x approximates daily capital turnover before capacity/repeated-window limits.",Full historical+tracked resolved bucket projection from Monotonic Middle Outcomes; every resolved package in the bucket contributes via bucket ROI. Unknown/open packages reported separately and included only in the same-ROI projection columns.
blend,blend_1.05_to_1.25,1.05-1.10|1.10-1.16|1.16-1.25,10,10000.0,1623,665,958,124,0.186466,6650,296.9,10296.9,2.969,0.665,4.4647,16230,724.61,10724.61,7.2461,"If these markets resolved in ~1 day, turnover_x approximates daily capital turnover before capacity/repeated-window limits.",Full historical+tracked resolved bucket projection from Monotonic Middle Outcomes; every resolved package in the bucket contributes via bucket ROI. Unknown/open packages reported separately and included only in the same-ROI projection columns.
blend,blend_1.05_to_1.25,1.05-1.10|1.10-1.16|1.16-1.25,20,10000.0,1623,665,958,124,0.186466,13300,593.8,10593.8,5.938,1.33,4.4647,32460,1449.23,11449.23,14.4923,"If these markets resolved in ~1 day, turnover_x approximates daily capital turnover before capacity/repeated-window limits.",Full historical+tracked resolved bucket projection from Monotonic Middle Outcomes; every resolved package in the bucket contributes via bucket ROI. Unknown/open packages reported separately and included only in the same-ROI projection columns.
blend,blend_1.05_to_1.25,1.05-1.10|1.10-1.16|1.16-1.25,30,10000.0,1623,665,958,124,0.186466,19950,890.7,10890.7,8.907,1.995,4.4647,48690,2173.84,12173.84,21.7384,"If these markets resolved in ~1 day, turnover_x approximates daily capital turnover before capacity/repeated-window limits.",Full historical+tracked resolved bucket projection from Monotonic Middle Outcomes; every resolved package in the bucket contributes via bucket ROI. Unknown/open packages reported separately and included only in the same-ROI projection columns.
blend,blend_1.05_to_1.25,1.05-1.10|1.10-1.16|1.16-1.25,40,10000.0,1623,665,958,124,0.186466,26600,1187.6,11187.6,11.876,2.66,4.4647,64920,2898.46,12898.46,28.9846,"If these markets resolved in ~1 day, turnover_x approximates daily capital turnover before capacity/repeated-window limits.",Full historical+tracked resolved bucket projection from Monotonic Middle Outcomes; every resolved package in the bucket contributes via bucket ROI. Unknown/open packages reported separately and included only in the same-ROI projection columns.
blend,blend_1.05_to_1.25,1.05-1.10|1.10-1.16|1.16-1.25,50,10000.0,1623,665,958,124,0.186466,33250,1484.5,11484.5,14.845,3.325,4.4647,81150,3623.07,13623.07,36.2307,"If these markets resolved in ~1 day, turnover_x approximates daily capital turnover before capacity/repeated-window limits.",Full historical+tracked resolved bucket projection from Monotonic Middle Outcomes; every resolved package in the bucket contributes via bucket ROI. Unknown/open packages reported separately and included only in the same-ROI projection columns.
blend,blend_1.05_to_1.25,1.05-1.10|1.10-1.16|1.16-1.25,60,10000.0,1623,665,958,124,0.186466,39900,1781.4,11781.4,17.814,3.99,4.4647,97380,4347.69,14347.69,43.4769,"If these markets resolved in ~1 day, turnover_x approximates daily capital turnover before capacity/repeated-window limits.",Full historical+tracked resolved bucket projection from Monotonic Middle Outcomes; every resolved package in the bucket contributes via bucket ROI. Unknown/open packages reported separately and included only in the same-ROI projection columns.
blend,blend_1.05_to_1.25,1.05-1.10|1.10-1.16|1.16-1.25,70,10000.0,1623,665,958,124,0.186466,46550,2078.3,12078.3,20.783,4.655,4.4647,113610,5072.3,15072.3,50.723,"If these markets resolved in ~1 day, turnover_x approximates daily capital turnover before capacity/repeated-window limits.",Full historical+tracked resolved bucket projection from Monotonic Middle Outcomes; every resolved package in the bucket contributes via bucket ROI. Unknown/open packages reported separately and included only in the same-ROI projection columns.
blend,blend_1.05_to_1.25,1.05-1.10|1.10-1.16|1.16-1.25,80,10000.0,1623,665,958,124,0.186466,53200,2375.2,12375.2,23.752,5.32,4.4647,129840,5796.92,15796.92,57.9692,"If these markets resolved in ~1 day, turnover_x approximates daily capital turnover before capacity/repeated-window limits.",Full historical+tracked resolved bucket projection from Monotonic Middle Outcomes; every resolved package in the bucket contributes via bucket ROI. Unknown/open packages reported separately and included only in the same-ROI projection columns.
blend,blend_1.05_to_1.25,1.05-1.10|1.10-1.16|1.16-1.25,90,10000.0,1623,665,958,124,0.186466,59850,2672.1,12672.1,26.721,5.985,4.4647,146070,6521.53,16521.53,65.2153,"If these markets resolved in ~1 day, turnover_x approximates daily capital turnover before capacity/repeated-window limits.",Full historical+tracked resolved bucket projection from Monotonic Middle Outcomes; every resolved package in the bucket contributes via bucket ROI. Unknown/open packages reported separately and included only in the same-ROI projection columns.
blend,blend_1.05_to_1.25,1.05-1.10|1.10-1.16|1.16-1.25,100,10000.0,1623,665,958,124,0.186466,66500,2969.0,12969.0,29.69,6.65,4.4647,162300,7246.15,17246.15,72.4615,"If these markets resolved in ~1 day, turnover_x approximates daily capital turnover before capacity/repeated-window limits.",Full historical+tracked resolved bucket projection from Monotonic Middle Outcomes; every resolved package in the bucket contributes via bucket ROI. Unknown/open packages reported separately and included only in the same-ROI projection columns.
blend,blend_1.05_to_1.25,1.05-1.10|1.10-1.16|1.16-1.25,150,10000.0,1623,665,958,124,0.186466,99750,4453.5,14453.5,44.535,9.975,4.4647,243450,10869.22,20869.22,108.6922,"If these markets resolved in ~1 day, turnover_x approximates daily capital turnover before capacity/repeated-window limits.",Full historical+tracked resolved bucket projection from Monotonic Middle Outcomes; every resolved package in the bucket contributes via bucket ROI. Unknown/open packages reported separately and included only in the same-ROI projection columns.
blend,blend_1.05_to_1.25,1.05-1.10|1.10-1.16|1.16-1.25,200,10000.0,1623,665,958,124,0.186466,133000,5938.0,15938.0,59.38,13.3,4.4647,324600,14492.29,24492.29,144.9229,"If these markets resolved in ~1 day, turnover_x approximates daily capital turnover before capacity/repeated-window limits.",Full historical+tracked resolved bucket projection from Monotonic Middle Outcomes; every resolved package in the bucket contributes via bucket ROI. Unknown/open packages reported separately and included only in the same-ROI projection columns.
blend,blend_1.10_plus,1.10-1.16|1.16-1.25|>1.25,10,10000.0,2806,891,1915,386,0.433221,8910,422.37,10422.37,4.2237,0.891,4.7404,28060,1330.16,11330.16,13.3016,"If these markets resolved in ~1 day, turnover_x approximates daily capital turnover before capacity/repeated-window limits.",Full historical+tracked resolved bucket projection from Monotonic Middle Outcomes; every resolved package in the bucket contributes via bucket ROI. Unknown/open packages reported separately and included only in the same-ROI projection columns.
blend,blend_1.10_plus,1.10-1.16|1.16-1.25|>1.25,20,10000.0,2806,891,1915,386,0.433221,17820,844.74,10844.74,8.4474,1.782,4.7404,56120,2660.31,12660.31,26.6031,"If these markets resolved in ~1 day, turnover_x approximates daily capital turnover before capacity/repeated-window limits.",Full historical+tracked resolved bucket projection from Monotonic Middle Outcomes; every resolved package in the bucket contributes via bucket ROI. Unknown/open packages reported separately and included only in the same-ROI projection columns.
blend,blend_1.10_plus,1.10-1.16|1.16-1.25|>1.25,30,10000.0,2806,891,1915,386,0.433221,26730,1267.11,11267.11,12.6711,2.673,4.7404,84180,3990.47,13990.47,39.9047,"If these markets resolved in ~1 day, turnover_x approximates daily capital turnover before capacity/repeated-window limits.",Full historical+tracked resolved bucket projection from Monotonic Middle Outcomes; every resolved package in the bucket contributes via bucket ROI. Unknown/open packages reported separately and included only in the same-ROI projection columns.
blend,blend_1.10_plus,1.10-1.16|1.16-1.25|>1.25,40,10000.0,2806,891,1915,386,0.433221,35640,1689.48,11689.48,16.8948,3.564,4.7404,112240,5320.63,15320.63,53.2063,"If these markets resolved in ~1 day, turnover_x approximates daily capital turnover before capacity/repeated-window limits.",Full historical+tracked resolved bucket projection from Monotonic Middle Outcomes; every resolved package in the bucket contributes via bucket ROI. Unknown/open packages reported separately and included only in the same-ROI projection columns.
blend,blend_1.10_plus,1.10-1.16|1.16-1.25|>1.25,50,10000.0,2806,891,1915,386,0.433221,44550,2111.85,12111.85,21.1185,4.455,4.7404,140300,6650.79,16650.79,66.5079,"If these markets resolved in ~1 day, turnover_x approximates daily capital turnover before capacity/repeated-window limits.",Full historical+tracked resolved bucket projection from Monotonic Middle Outcomes; every resolved package in the bucket contributes via bucket ROI. Unknown/open packages reported separately and included only in the same-ROI projection columns.
blend,blend_1.10_plus,1.10-1.16|1.16-1.25|>1.25,60,10000.0,2806,891,1915,386,0.433221,53460,2534.22,12534.22,25.3422,5.346,4.7404,168360,7980.94,17980.94,79.8094,"If these markets resolved in ~1 day, turnover_x approximates daily capital turnover before capacity/repeated-window limits.",Full historical+tracked resolved bucket projection from Monotonic Middle Outcomes; every resolved package in the bucket contributes via bucket ROI. Unknown/open packages reported separately and included only in the same-ROI projection columns.
blend,blend_1.10_plus,1.10-1.16|1.16-1.25|>1.25,70,10000.0,2806,891,1915,386,0.433221,62370,2956.59,12956.59,29.5659,6.237,4.7404,196420,9311.1,19311.1,93.111,"If these markets resolved in ~1 day, turnover_x approximates daily capital turnover before capacity/repeated-window limits.",Full historical+tracked resolved bucket projection from Monotonic Middle Outcomes; every resolved package in the bucket contributes via bucket ROI. Unknown/open packages reported separately and included only in the same-ROI projection columns.
blend,blend_1.10_plus,1.10-1.16|1.16-1.25|>1.25,80,10000.0,2806,891,1915,386,0.433221,71280,3378.96,13378.96,33.7896,7.128,4.7404,224480,10641.26,20641.26,106.4126,"If these markets resolved in ~1 day, turnover_x approximates daily capital turnover before capacity/repeated-window limits.",Full historical+tracked resolved bucket projection from Monotonic Middle Outcomes; every resolved package in the bucket contributes via bucket ROI. Unknown/open packages reported separately and included only in the same-ROI projection columns.
blend,blend_1.10_plus,1.10-1.16|1.16-1.25|>1.25,90,10000.0,2806,891,1915,386,0.433221,80190,3801.33,13801.33,38.0133,8.019,4.7404,252540,11971.42,21971.42,119.7142,"If these markets resolved in ~1 day, turnover_x approximates daily capital turnover before capacity/repeated-window limits.",Full historical+tracked resolved bucket projection from Monotonic Middle Outcomes; every resolved package in the bucket contributes via bucket ROI. Unknown/open packages reported separately and included only in the same-ROI projection columns.
blend,blend_1.10_plus,1.10-1.16|1.16-1.25|>1.25,100,10000.0,2806,891,1915,386,0.433221,89100,4223.7,14223.7,42.237,8.91,4.7404,280600,13301.57,23301.57,133.0157,"If these markets resolved in ~1 day, turnover_x approximates daily capital turnover before capacity/repeated-window limits.",Full historical+tracked resolved bucket projection from Monotonic Middle Outcomes; every resolved package in the bucket contributes via bucket ROI. Unknown/open packages reported separately and included only in the same-ROI projection columns.
blend,blend_1.10_plus,1.10-1.16|1.16-1.25|>1.25,150,10000.0,2806,891,1915,386,0.433221,133650,6335.55,16335.55,63.3555,13.365,4.7404,420900,19952.36,29952.36,199.5236,"If these markets resolved in ~1 day, turnover_x approximates daily capital turnover before capacity/repeated-window limits.",Full historical+tracked resolved bucket projection from Monotonic Middle Outcomes; every resolved package in the bucket contributes via bucket ROI. Unknown/open packages reported separately and included only in the same-ROI projection columns.
blend,blend_1.10_plus,1.10-1.16|1.16-1.25|>1.25,200,10000.0,2806,891,1915,386,0.433221,178200,8447.4,18447.4,84.474,17.82,4.7404,561200,26603.15,36603.15,266.0315,"If these markets resolved in ~1 day, turnover_x approximates daily capital turnover before capacity/repeated-window limits.",Full historical+tracked resolved bucket projection from Monotonic Middle Outcomes; every resolved package in the bucket contributes via bucket ROI. Unknown/open packages reported separately and included only in the same-ROI projection columns.
blend,blend_1.10_to_1.25,1.10-1.16|1.16-1.25,10,10000.0,1055,390,665,90,0.230769,3900,186.9,10186.9,1.869,0.39,4.7923,10550,505.59,10505.59,5.0559,"If these markets resolved in ~1 day, turnover_x approximates daily capital turnover before capacity/repeated-window limits.",Full historical+tracked resolved bucket projection from Monotonic Middle Outcomes; every resolved package in the bucket contributes via bucket ROI. Unknown/open packages reported separately and included only in the same-ROI projection columns.
blend,blend_1.10_to_1.25,1.10-1.16|1.16-1.25,20,10000.0,1055,390,665,90,0.230769,7800,373.8,10373.8,3.738,0.78,4.7923,21100,1011.18,11011.18,10.1118,"If these markets resolved in ~1 day, turnover_x approximates daily capital turnover before capacity/repeated-window limits.",Full historical+tracked resolved bucket projection from Monotonic Middle Outcomes; every resolved package in the bucket contributes via bucket ROI. Unknown/open packages reported separately and included only in the same-ROI projection columns.
blend,blend_1.10_to_1.25,1.10-1.16|1.16-1.25,30,10000.0,1055,390,665,90,0.230769,11700,560.7,10560.7,5.607,1.17,4.7923,31650,1516.77,11516.77,15.1677,"If these markets resolved in ~1 day, turnover_x approximates daily capital turnover before capacity/repeated-window limits.",Full historical+tracked resolved bucket projection from Monotonic Middle Outcomes; every resolved package in the bucket contributes via bucket ROI. Unknown/open packages reported separately and included only in the same-ROI projection columns.
blend,blend_1.10_to_1.25,1.10-1.16|1.16-1.25,40,10000.0,1055,390,665,90,0.230769,15600,747.6,10747.6,7.476,1.56,4.7923,42200,2022.35,12022.35,20.2235,"If these markets resolved in ~1 day, turnover_x approximates daily capital turnover before capacity/repeated-window limits.",Full historical+tracked resolved bucket projection from Monotonic Middle Outcomes; every resolved package in the bucket contributes via bucket ROI. Unknown/open packages reported separately and included only in the same-ROI projection columns.
blend,blend_1.10_to_1.25,1.10-1.16|1.16-1.25,50,10000.0,1055,390,665,90,0.230769,19500,934.5,10934.5,9.345,1.95,4.7923,52750,2527.94,12527.94,25.2794,"If these markets resolved in ~1 day, turnover_x approximates daily capital turnover before capacity/repeated-window limits.",Full historical+tracked resolved bucket projection from Monotonic Middle Outcomes; every resolved package in the bucket contributes via bucket ROI. Unknown/open packages reported separately and included only in the same-ROI projection columns.
blend,blend_1.10_to_1.25,1.10-1.16|1.16-1.25,60,10000.0,1055,390,665,90,0.230769,23400,1121.4,11121.4,11.214,2.34,4.7923,63300,3033.53,13033.53,30.3353,"If these markets resolved in ~1 day, turnover_x approximates daily capital turnover before capacity/repeated-window limits.",Full historical+tracked resolved bucket projection from Monotonic Middle Outcomes; every resolved package in the bucket contributes via bucket ROI. Unknown/open packages reported separately and included only in the same-ROI projection columns.
blend,blend_1.10_to_1.25,1.10-1.16|1.16-1.25,70,10000.0,1055,390,665,90,0.230769,27300,1308.3,11308.3,13.083,2.73,4.7923,73850,3539.12,13539.12,35.3912,"If these markets resolved in ~1 day, turnover_x approximates daily capital turnover before capacity/repeated-window limits.",Full historical+tracked resolved bucket projection from Monotonic Middle Outcomes; every resolved package in the bucket contributes via bucket ROI. Unknown/open packages reported separately and included only in the same-ROI projection columns.
blend,blend_1.10_to_1.25,1.10-1.16|1.16-1.25,80,10000.0,1055,390,665,90,0.230769,31200,1495.2,11495.2,14.952,3.12,4.7923,84400,4044.71,14044.71,40.4471,"If these markets resolved in ~1 day, turnover_x approximates daily capital turnover before capacity/repeated-window limits.",Full historical+tracked resolved bucket projection from Monotonic Middle Outcomes; every resolved package in the bucket contributes via bucket ROI. Unknown/open packages reported separately and included only in the same-ROI projection columns.
blend,blend_1.10_to_1.25,1.10-1.16|1.16-1.25,90,10000.0,1055,390,665,90,0.230769,35100,1682.1,11682.1,16.821,3.51,4.7923,94950,4550.3,14550.3,45.503,"If these markets resolved in ~1 day, turnover_x approximates daily capital turnover before capacity/repeated-window limits.",Full historical+tracked resolved bucket projection from Monotonic Middle Outcomes; every resolved package in the bucket contributes via bucket ROI. Unknown/open packages reported separately and included only in the same-ROI projection columns.
blend,blend_1.10_to_1.25,1.10-1.16|1.16-1.25,100,10000.0,1055,390,665,90,0.230769,39000,1869.0,11869.0,18.69,3.9,4.7923,105500,5055.88,15055.88,50.5588,"If these markets resolved in ~1 day, turnover_x approximates daily capital turnover before capacity/repeated-window limits.",Full historical+tracked resolved bucket projection from Monotonic Middle Outcomes; every resolved package in the bucket contributes via bucket ROI. Unknown/open packages reported separately and included only in the same-ROI projection columns.
blend,blend_1.10_to_1.25,1.10-1.16|1.16-1.25,150,10000.0,1055,390,665,90,0.230769,58500,2803.5,12803.5,28.035,5.85,4.7923,158250,7583.83,17583.83,75.8383,"If these markets resolved in ~1 day, turnover_x approximates daily capital turnover before capacity/repeated-window limits.",Full historical+tracked resolved bucket projection from Monotonic Middle Outcomes; every resolved package in the bucket contributes via bucket ROI. Unknown/open packages reported separately and included only in the same-ROI projection columns.
blend,blend_1.10_to_1.25,1.10-1.16|1.16-1.25,200,10000.0,1055,390,665,90,0.230769,78000,3738.0,13738.0,37.38,7.8,4.7923,211000,10111.77,20111.77,101.1177,"If these markets resolved in ~1 day, turnover_x approximates daily capital turnover before capacity/repeated-window limits.",Full historical+tracked resolved bucket projection from Monotonic Middle Outcomes; every resolved package in the bucket contributes via bucket ROI. Unknown/open packages reported separately and included only in the same-ROI projection columns.
blend,blend_gt_1.25,>1.25,10,10000.0,1751,501,1250,296,0.590818,5010,235.47,10235.47,2.3547,0.501,4.7,17510,822.97,10822.97,8.2297,"If these markets resolved in ~1 day, turnover_x approximates daily capital turnover before capacity/repeated-window limits.",Full historical+tracked resolved bucket projection from Monotonic Middle Outcomes; every resolved package in the bucket contributes via bucket ROI. Unknown/open packages reported separately and included only in the same-ROI projection columns.
blend,blend_gt_1.25,>1.25,20,10000.0,1751,501,1250,296,0.590818,10020,470.94,10470.94,4.7094,1.002,4.7,35020,1645.94,11645.94,16.4594,"If these markets resolved in ~1 day, turnover_x approximates daily capital turnover before capacity/repeated-window limits.",Full historical+tracked resolved bucket projection from Monotonic Middle Outcomes; every resolved package in the bucket contributes via bucket ROI. Unknown/open packages reported separately and included only in the same-ROI projection columns.
blend,blend_gt_1.25,>1.25,30,10000.0,1751,501,1250,296,0.590818,15030,706.41,10706.41,7.0641,1.503,4.7,52530,2468.91,12468.91,24.6891,"If these markets resolved in ~1 day, turnover_x approximates daily capital turnover before capacity/repeated-window limits.",Full historical+tracked resolved bucket projection from Monotonic Middle Outcomes; every resolved package in the bucket contributes via bucket ROI. Unknown/open packages reported separately and included only in the same-ROI projection columns.
blend,blend_gt_1.25,>1.25,40,10000.0,1751,501,1250,296,0.590818,20040,941.88,10941.88,9.4188,2.004,4.7,70040,3291.88,13291.88,32.9188,"If these markets resolved in ~1 day, turnover_x approximates daily capital turnover before capacity/repeated-window limits.",Full historical+tracked resolved bucket projection from Monotonic Middle Outcomes; every resolved package in the bucket contributes via bucket ROI. Unknown/open packages reported separately and included only in the same-ROI projection columns.
blend,blend_gt_1.25,>1.25,50,10000.0,1751,501,1250,296,0.590818,25050,1177.35,11177.35,11.7735,2.505,4.7,87550,4114.85,14114.85,41.1485,"If these markets resolved in ~1 day, turnover_x approximates daily capital turnover before capacity/repeated-window limits.",Full historical+tracked resolved bucket projection from Monotonic Middle Outcomes; every resolved package in the bucket contributes via bucket ROI. Unknown/open packages reported separately and included only in the same-ROI projection columns.
blend,blend_gt_1.25,>1.25,60,10000.0,1751,501,1250,296,0.590818,30060,1412.82,11412.82,14.1282,3.006,4.7,105060,4937.82,14937.82,49.3782,"If these markets resolved in ~1 day, turnover_x approximates daily capital turnover before capacity/repeated-window limits.",Full historical+tracked resolved bucket projection from Monotonic Middle Outcomes; every resolved package in the bucket contributes via bucket ROI. Unknown/open packages reported separately and included only in the same-ROI projection columns.
blend,blend_gt_1.25,>1.25,70,10000.0,1751,501,1250,296,0.590818,35070,1648.29,11648.29,16.4829,3.507,4.7,122570,5760.79,15760.79,57.6079,"If these markets resolved in ~1 day, turnover_x approximates daily capital turnover before capacity/repeated-window limits.",Full historical+tracked resolved bucket projection from Monotonic Middle Outcomes; every resolved package in the bucket contributes via bucket ROI. Unknown/open packages reported separately and included only in the same-ROI projection columns.
blend,blend_gt_1.25,>1.25,80,10000.0,1751,501,1250,296,0.590818,40080,1883.76,11883.76,18.8376,4.008,4.7,140080,6583.76,16583.76,65.8376,"If these markets resolved in ~1 day, turnover_x approximates daily capital turnover before capacity/repeated-window limits.",Full historical+tracked resolved bucket projection from Monotonic Middle Outcomes; every resolved package in the bucket contributes via bucket ROI. Unknown/open packages reported separately and included only in the same-ROI projection columns.
blend,blend_gt_1.25,>1.25,90,10000.0,1751,501,1250,296,0.590818,45090,2119.23,12119.23,21.1923,4.509,4.7,157590,7406.73,17406.73,74.0673,"If these markets resolved in ~1 day, turnover_x approximates daily capital turnover before capacity/repeated-window limits.",Full historical+tracked resolved bucket projection from Monotonic Middle Outcomes; every resolved package in the bucket contributes via bucket ROI. Unknown/open packages reported separately and included only in the same-ROI projection columns.
blend,blend_gt_1.25,>1.25,100,10000.0,1751,501,1250,296,0.590818,50100,2354.7,12354.7,23.547,5.01,4.7,175100,8229.7,18229.7,82.297,"If these markets resolved in ~1 day, turnover_x approximates daily capital turnover before capacity/repeated-window limits.",Full historical+tracked resolved bucket projection from Monotonic Middle Outcomes; every resolved package in the bucket contributes via bucket ROI. Unknown/open packages reported separately and included only in the same-ROI projection columns.
blend,blend_gt_1.25,>1.25,150,10000.0,1751,501,1250,296,0.590818,75150,3532.05,13532.05,35.3205,7.515,4.7,262650,12344.55,22344.55,123.4455,"If these markets resolved in ~1 day, turnover_x approximates daily capital turnover before capacity/repeated-window limits.",Full historical+tracked resolved bucket projection from Monotonic Middle Outcomes; every resolved package in the bucket contributes via bucket ROI. Unknown/open packages reported separately and included only in the same-ROI projection columns.
blend,blend_gt_1.25,>1.25,200,10000.0,1751,501,1250,296,0.590818,100200,4709.4,14709.4,47.094,10.02,4.7,350200,16459.4,26459.4,164.594,"If these markets resolved in ~1 day, turnover_x approximates daily capital turnover before capacity/repeated-window limits.",Full historical+tracked resolved bucket projection from Monotonic Middle Outcomes; every resolved package in the bucket contributes via bucket ROI. Unknown/open packages reported separately and included only in the same-ROI projection columns.
